key,text,english,notes,tag,checked
version,4.6,6.02, ,float,True
pdf_title,6000 Ø³Ø§Ù„ Ø§Ù†Ø³Ø§Ù†ÛŒ ØªØ§Ø±ÛŒØ® Ú©Ø§ ØªØµÙˆØ±,6000 years human history visualized,2026-02-12,text,True
pdf_subject,Ø§Ù†Ø³Ø§Ù†ÛŒØª Ú©ÛŒ Ù¹Ø§Ø¦Ù… Ù„Ø§Ø¦Ù†,Timeline of humankind, ,text,False
BCE,Ø¨ÛŒ Ø³ÛŒ Ø§ÛŒ,B.C.E., ,B9,True
CE,Ø³ÛŒÛ”Ø§ÛŒÛ”,C.E., ,B9,True
month,Ù…ÛÛŒÙ†Û,month, ,text,False
months,Ù…ÛÛŒÙ†Û’,months, ,text,False
day,Ø¯Ù†,day, ,text,False
days,Ø¯Ù†,days, ,text,False
to,Ú©Ùˆ,to, ,text,False
Deluge,Ø³ÛŒÙ„Ø§Ø¨,Deluge, ,text,False
moses2,1593 Ø³Û’ 1473 Ù‚Ø¨Ù„ Ù…Ø³ÛŒØ­ - 120 Ø³Ø§Ù„,1593 to 1473 B.C.E. â€“ 120 years, ,text,False
temple1,Ù†ÛŒØ³Ø§Ù† 1513 Ù‚Ø¨Ù„ Ù…Ø³ÛŒØ­ Ø²ÛŒÙˆ Ø³Û’ 1034 Ù‚Ø¨Ù„ Ù…Ø³ÛŒØ­,Nisan 1513 B.C.E. to Ziv 1034 B.C.E., ,text,False
69weeks,ÛŒØ³ÙˆØ¹ Ù†Û’ Ø®Ø²Ø§Úº 29 Ø¹ÛŒØ³ÙˆÛŒ Ù…ÛŒÚº Ø¨Ù¾ØªØ³Ù…Û Ø¯ÛŒØ§Û”,Jesus baptized autumn 29 C.E., ,text,False
year,Ø³Ø§Ù„,year,"timespan, age (Adam was 130 years old when Shem was born)",text,True
years,Ø³Ø§Ù„,years, ,text,False
years_age,Ø³Ø§Ù„,years,"years when used as age for a person (different word than years in some languages), like he is 23 years old",text,False
age_kings, , ,"if the word ""year"" appears after the numeral, like ""at the age of 35 years""",text,False
wilderness,Ø¨ÛŒØ§Ø¨Ø§Ù† Ù…ÛŒÚº Ø§Ø³Ø±Ø§Ø¦ÛŒÙ„ 1513 Ø³Û’ 1473 Ù‚Ø¨Ù„ Ù…Ø³ÛŒØ­ - 40 Ø³Ø§Ù„,Israel in the wilderness 1513 to 1473 B.C.E. â€“ 40 years, ,text,False
timespan_judges,1473 Ø³Û’ 1117 Ù‚Ø¨Ù„ Ù…Ø³ÛŒØ­ - 356 Ø³Ø§Ù„,1473 to 1117 B.C.E. â€“ 356 years, ,text,False
timespan_judges2,Ø¬Ø¬ÙˆÚº Ú©Ø§ ÙˆÙ‚Øª,Time of the judges, ,text,False
temple2,ÛÛŒÚ©Ù„ Ú©ÛŒ ØªØ¹Ù…ÛŒØ± ØªÚ© 479 Ø³Ø§Ù„ â€“ 1 Ú©Ù†Ú¯Ø² 6:1,479 years until the temple construction â€“ 1 Kings 6:1,1034 BCE,text,False
69weeks2,Ù…Ø³ÛŒØ­Ø§ Ú©Û’ Ù„ÛŒÛ’ 69 ÛÙØªÛ’ â€“ ÚˆÛŒÙ†ÛŒÙ„ 9:25,69 weeks to the Messiah â€“ Daniel 9:25, ,text,False
jesus_service,ÛŒØ³ÙˆØ¹ Ú©ÛŒ Ø®Ø¯Ù…Øª Ú©Û’ 3.5 Ø³Ø§Ù„ØŒ 14 Ù†ÛŒØ³Ø§Ù†ØŒ 33 Ø¹ÛŒØ³ÙˆÛŒ Ú©Ùˆ Ù¾Ú¾Ø§Ù†Ø³ÛŒ Ø¯ÛŒ Ú¯Ø¦ÛŒÛ”,"3.5 years of Jesus service, executed Nisan 14th, 33 C.E.", ,text,False
jesus_life,ÛŒØ³ÙˆØ¹ Ú©ÛŒ Ù¾ÛŒØ¯Ø§Ø¦Ø´ 2 Ù‚Ø¨Ù„ Ù…Ø³ÛŒØ­,Jesus born 2 B.C.E., ,text,False
exile,607 Ø³Û’ 537 Ù‚Ø¨Ù„ Ù…Ø³ÛŒØ­ â€“ 70 Ø³Ø§Ù„ (ÛŒØ±Ù…ÛŒØ§Û 25:11),607 to 537 B.C.E. â€“ 70 years (Jeremiah 25:11), ,text,False
exile2,Ø¬Ù„Ø§ÙˆØ·Ù†ÛŒ,Exile, ,text,False
7times2,7 Ø¨Ø§Ø± - Ù…Ø³ÛŒØ­ÛŒ Ø¨Ø§Ø¯Ø´Ø§ÛØª Ø³Û’ 2520 Ø³Ø§Ù„ 1914 Ø¹ÛŒØ³ÙˆÛŒ (Ø¯Ø§Ù†ÛŒØ§Ù„ 4:23),7 times â€“ 2520 years to the Messianic Kingdom 1914 C.E. (Daniel 4:23), ,text,False
ww1,Ø¬Ù†Ú¯ Ø¹Ø¸ÛŒÙ… Ø§ÙˆÙ„ - 1914-1918 Ø¹ÛŒØ³ÙˆÛŒ,World War I â€“ 1914â€“1918, ,text,False
ww2,Ø¯ÙˆØ³Ø±ÛŒ Ø¬Ù†Ú¯ Ø¹Ø¸ÛŒÙ… - 1939-1945 Ø¹ÛŒØ³ÙˆÛŒ,World War II â€“ 1939â€“1945, ,text,False
30_year_war,ÛŒÙˆØ±Ù¾ Ù…ÛŒÚº ØªÛŒØ³ Ø³Ø§Ù„Û Ø¬Ù†Ú¯ 1618-1648,Thirty Years' War in Europe 1618-1648, ,text,False
joshua,110 Ø³Ø§Ù„,110 years, ,text,False
caleb,85 Ø³Ø§Ù„ Ø³Û’ Ø²ÛŒØ§Ø¯Û,more than 85 years, ,text,False
missionary1,Ù¾Ø§Ù„ Ú©Ø§ Ù¾ÛÙ„Ø§ Ù…Ø´Ù†Ø±ÛŒ Ø³ÙØ±ØŒ Ø³ÛŒÛ” Ø¨Ø±Ù†Ø§Ø¨Ø§Ø³ Ø§ÙˆØ± Ø¬Ø§Ù† Ù…Ø§Ø±Ú© Ú©Û’ Ø³Ø§ØªÚ¾ 47-48 Ø¹ÛŒØ³ÙˆÛŒ,"First Missionary Journey of Paul, c. 47-48 C.E. with Barnabas and John Mark", ,text,False
circumcision,Ø§Ù†Ø·Ø§Ú©ÛŒÛ Ù…ÛŒÚº Ø®ØªÙ†Û Ú©Ø§ Ù…Ø³Ø¦Ù„ÛØŒ ÛŒØ±ÙˆØ´Ù„Ù… Ù…ÛŒÚº Ú©Ø§Ù†ÙØ±Ù†Ø³ c. 49 Ø¹ÛŒØ³ÙˆÛŒ,"Circumcision issue at Antioch, conference in Jerusalem c. 49 C.E.", ,text,False
missionary2,Ø¯ÙˆØ³Ø±Ø§ Ù…Ø´Ù†Ø±ÛŒ Ø³ÙØ± Ø¬. 49-52 Ø¹ÛŒØ³ÙˆÛŒ Ù…ÛŒÚº Ø³ÛŒÙ„Ø§Ø³ (Ø³Ù„ÙˆØ§Ù†Ø³) Ú©Û’ Ø³Ø§ØªÚ¾,Second Missionary Journey c. 49-52 C.E with Silas (Silvanus), ,text,False
missionary3,ØªÛŒØ³Ø±Ø§ Ù…Ø´Ù†Ø±ÛŒ Ø³ÙØ± 52-56 Ø¹ÛŒØ³ÙˆÛŒ,Third Missionary Journey c. 52-56 C.E., ,text,False
caesarea,Ù¾ÙˆÙ„Ø³ Ù‚ÛŒØµØ±ÛŒÛ Ù…ÛŒÚº Ø²ÛŒØ± Ø­Ø±Ø§Ø³Øª c. 56-58 Ø¹ÛŒØ³ÙˆÛŒ,Paul in custody in Caesarea c. 56-58 C.E., ,text,False
rome1,Ø±ÙˆÙ… Ù…ÛŒÚº Ù¾ÙˆÙ„Ø³ Ú©ÛŒ Ù¾ÛÙ„ÛŒ Ù‚ÛŒØ¯ 59-61 Ø¹ÛŒØ³ÙˆÛŒ Ù…ÛŒÚº ÛÙˆØ¦ÛŒÛ”,Paulâ€™s first imprisonment in Rome c. 59-61 C.E., ,text,False
rome2,Ø±ÙˆÙ… Ù…ÛŒÚº Ù¾ÙˆÙ„Ø³ Ú©ÛŒ Ø¯ÙˆØ³Ø±ÛŒ Ù‚ÛŒØ¯ c. 65 Ø¹ÛŒØ³ÙˆÛŒØŒ 2 ØªÛŒÙ…ØªÚ¾ÛŒØ³ Ù†Û’ Ù„Ú©Ú¾Ø§ØŒ Ù¾Ø§Ù„ Ú©Ùˆ Ù¾Ú¾Ø§Ù†Ø³ÛŒ Ø¯ÛŒ Ú¯Ø¦ÛŒÛ”,"Paulâ€™s second imprisonment in Rome c. 65 C.E., 2 Timothy written, Paul executed", ,text,False
event_exodus,14 Ù†ÛŒØ³Ø§Ù† 1513 Ù‚Ø¨Ù„ Ù…Ø³ÛŒØ­ Ú©Ùˆ Ù…ØµØ± Ø³Û’ Ø®Ø±ÙˆØ¬,"Exodus from Egypt on Nisan 14th, 1513 B.C.E.", ,text,False
event_division_kingdom,Ø§Ø³Ø±Ø§Ø¦ÛŒÙ„ Ú©ÛŒ ØªÙ‚Ø³ÛŒÙ… 997 Ù‚Ø¨Ù„ Ù…Ø³ÛŒØ­,Division of Israel 997 BCE, ,text,False
event_destruction_samaria,Ø³Ø§Ù…Ø±ÛŒÛ Ú©ÛŒ ØªØ¨Ø§ÛÛŒ 740 Ù‚Ø¨Ù„ Ù…Ø³ÛŒØ­ Ø§Ø³ÙˆØ±ÛŒ Ú©ÛŒ Ø·Ø±Ù Ø³Û’,Destruction of Samaria 740 B.C.E. by Assyria,Destruction of Samaria 740 B.C.E. by Assyria,text,False
event_destruction_jerusalem1,ÛŒØ±ÙˆØ´Ù„Ù… Ú©ÛŒ ØªØ¨Ø§ÛÛŒ 607 Ù‚Ø¨Ù„ Ù…Ø³ÛŒØ­ Ø¨Ø§Ø¨Ù„ Ú©ÛŒ Ø·Ø±Ù Ø³Û’ØŒ Ø³Ù„Ø·Ù†Øª Ú©ÛŒ ØªÙ‚Ø³ÛŒÙ… Ú©Û’ 390 Ø³Ø§Ù„ Ø¨Ø¹Ø¯ (Ø­Ø²Ù‚ÛŒ Ø§ÛŒÙ„ 4:5),"Destruction of Jerusalem 607 B.C.E. by Babylon, 390 years after the division of the kingdom (Ezekiel 4:5)", ,text,False
event_temple_rebuilt,ÛŒØ±ÙˆØ´Ù„Ù… Ù…ÛŒÚº ÛÛŒÚ©Ù„ Ú©ÛŒ ØªØ¹Ù…ÛŒØ± Ù†Ùˆ 515 Ù‚Ø¨Ù„ Ù…Ø³ÛŒØ­,Temple in Jerusalem rebuilt 515 B.C.E., ,text,False
event_jerusalem_rebuilt,ÛŒØ±ÙˆØ´Ù„Ù… Ú©ÛŒ Ø¯ÛŒÙˆØ§Ø± 455 Ù‚Ø¨Ù„ Ù…Ø³ÛŒØ­ Ù…ÛŒÚº Ø¯ÙˆØ¨Ø§Ø±Û ØªØ¹Ù…ÛŒØ± Ú©ÛŒ Ú¯Ø¦ÛŒÛ”,Jerusalem wall rebuilt 455 B.C.E., ,text,False
event_destruction_jerusalem2,ÛŒØ±ÙˆØ´Ù„Ù… Ú©ÛŒ ØªØ¨Ø§ÛÛŒ 70 Ø¹ÛŒØ³ÙˆÛŒ Ù…ÛŒÚº Ø±ÙˆÙ… Ú©Û’ Ø°Ø±ÛŒØ¹Û’ Ù¹Ø§Ø¦Ù¹Ø³ Ú©Û’ ØªØ­Øª,Destruction of Jerusalem 70 C.E. by Rome under Titus, ,text,False
event_1914,Ù‚ÙˆÙ…ÙˆÚº Ú©Û’ ÙˆÙ‚Øª Ú©Û’ Ø§Ø®ØªØªØ§Ù… Ù¾Ø± (Ù„ÙˆÙ‚Ø§ 21:24)ØŒ Ø®Ø¯Ø§ Ú©ÛŒ Ø¨Ø§Ø¯Ø´Ø§ÛÛŒ 1914 Ø¹ÛŒØ³ÙˆÛŒ Ù…ÛŒÚº Ø¢Ø³Ù…Ø§Ù† Ù¾Ø± Ø­Ú©ÙˆÙ…Øª Ú©Ø±Ù†Ø§ Ø´Ø±ÙˆØ¹ Ú©Ø± Ø¯ÛŒØªÛŒ ÛÛ’Û”,"End of the time of the nations (Luke 21:24), Godâ€™s Kingdom starts to rule in heaven 1914 C.E.",4.6 extends scriptures,text,False
became_king,Ø¹Ù…Ø± Ù…ÛŒÚº Ø¨Ø§Ø¯Ø´Ø§Û Ø¨Ù† Ú¯ÛŒØ§,becomes king at age, ,text,False
vulgate,ÙˆÙ„Ú¯ÛŒÙ¹ Ø¬ÛŒØ±ÙˆÙ… Ù†Û’ Ù…Ú©Ù…Ù„ Ú©ÛŒØ§ (Ø¨Ø§Ø¦Ø¨Ù„ Ú©Ø§ Ù„Ø§Ø·ÛŒÙ†ÛŒ ØªØ±Ø¬Ù…Û) Ø³ÛŒÛ” 405 Ø¹ÛŒØ³ÙˆÛŒ,Vulgate completed by Jerome (Latin translation of the bible) c. 405 C.E., ,text,False
gutenberg,Ú¯Ù¹Ù†Ø¨Ø±Ú¯ Ø¨Ø§Ø¦Ø¨Ù„ 1455 Ù…ÛŒÚº Ú†Ú¾Ù¾ÛŒ,Gutenberg Bible printed 1455, ,text,False
erasmus,Ø¹ÛŒØ³Ø§Ø¦ÛŒ ÛŒÙˆÙ†Ø§Ù†ÛŒ ØµØ­ÛŒÙÛ’ Ú©Ø§ ÛŒÙˆÙ†Ø§Ù†ÛŒ Ù…ØªÙ† 1516 Ú©Û’ Ø±ÙˆÙ¹Ø±ÚˆÛŒÙ… Ú©Û’ ÚˆÛŒØ³ÛŒÚˆÛŒØ±ÛŒØ¦Ø³ Ø§ÛŒØ±Ø§Ø³Ù…Ø³ Ú©Û’ Ø°Ø±ÛŒØ¹Û Ø´Ø§Ø¦Ø¹ ÛÙˆØ§,Greek text of Christian Greek Scriptures published by Desiderius Erasmus of Rotterdam 1516, ,text,False
luther,Ø³ØªÙ…Ø¨Ø± 1522 Ù…ÛŒÚº Ù„ÙˆØªÚ¾Ø± Ø¨Ø§Ø¦Ø¨Ù„ Ú©Ø§ ØªØ±Ø¬Ù…Û,Luther Bible translation in September 1522, ,text,False
tyndale,Ù¹Ù†ÚˆÛŒÙ„ 1536 Ú©Ø§ Ø§Ù†Ú¯Ø±ÛŒØ²ÛŒ Ø¨Ø§Ø¦Ø¨Ù„ ØªØ±Ø¬Ù…Û,English Bible translation by Tyndale 1536, ,text,False
king_james,Ú©Ù†Ú¯ Ø¬ÛŒÙ…Ø² Ø¨Ø§Ø¦Ø¨Ù„ 1611,King James Bible 1611, ,text,False
69weeks3,ÛŒØ³ÙˆØ¹ 29 Ø¹ÛŒØ³ÙˆÛŒ Ù…ÛŒÚº Ø§Ù¾Ù†ÛŒ Ø®Ø¯Ù…Øª Ø´Ø±ÙˆØ¹ Ú©Ø±ØªØ§ ÛÛ’ (Ù„ÙˆÙ‚Ø§ 3:1ØŒ 21),"Jesus starts his service 29 CE (Luke 3:1, 21)", ,text,False
ransom,"ÛÙØªÛ’ Ú©Û’ ÙˆØ³Ø· Ù…ÛŒÚº ""Ø¨Ù†Ø¯ ÛÙˆÙ†Û’ Ú©Û’ Ù„ÛŒÛ’ Ù‚Ø±Ø¨Ø§Ù†ÛŒ"" ÚˆÛŒÙ†ÛŒØ¦Ù„ 9:27",Middle of week â€œsacrifice to ceaseâ€ Daniel 9:27, ,text,False
cornelius,Ú©Ø§Ø±Ù†ÛŒÙ„ÛŒØ³ Ù†Û’ 36 Ø¹ÛŒØ³ÙˆÛŒ Ù…ÛŒÚº 70 ÛÙØªÙˆÚº Ú©Û’ Ø¢Ø®Ø± Ù…ÛŒÚº (Ø¯Ø§Ù†ÛŒØ§Ù„ 9:24) Ø¨Ù¾ØªØ³Ù…Û Ù„ÛŒØ§Û”,Cornelius baptized at the end of 70 weeks (Daniel 9:24) in 36 C.E., ,text,False
columbus,Ø§Ù…Ø±ÛŒÚ©Û 1492 Ù…ÛŒÚº Ú©ÙˆÙ„Ù…Ø¨ÛŒØ§ Ø³Û’ Ù¾ÛÙ„Û’ Ú©Û’ Ø¯ÙˆØ± Ú©Ø§ Ø§Ø®ØªØªØ§Ù…,End of the pre-columbian period in the Americas 1492, ,text,False
declaration_independence,Ø§Ù…Ø±ÛŒÚ©Û Ù…ÛŒÚº 13 Ú©Ø§Ù„ÙˆÙ†ÛŒÙˆÚº Ú©ÛŒ Ø¢Ø²Ø§Ø¯ÛŒ Ú©Ø§ Ø§Ø¹Ù„Ø§Ù† 1776,Declaration of independence of 13 colonies in America 1776, ,text,False
tischendorf,Ù¹ÛŒØ´ÛŒÙ†ÚˆÙˆØ±Ù Ù†Û’ 1844 Ù…ÛŒÚº Ú†ÙˆØªÚ¾ÛŒ ØµØ¯ÛŒ Ø³Û’ Ú©ÙˆÚˆÛŒÚ©Ø³ Ø³ÛŒÙ†Ø§Ø¦ÛŒÙ¹Ú©Ø³ Ø¯Ø±ÛŒØ§ÙØª Ú©ÛŒØ§Û”,Tischendorf discovers the Codex Sinaiticus from the 4th century in 1844, ,text,False
dead_sea_scrolls,Ø¨Ø­ÛŒØ±Û Ù…Ø±Ø¯Ø§Ø± Ú©Û’ Ø·ÙˆÙ…Ø§Ø± Ù„Ú©Ú¾Û’ Ú¯Ø¦Û’Û”,Dead Sea Scrolls written, ,text,False
septuagint,Ø³ÛŒÙ¾Ù¹ÙˆØ¬ÛŒÙ†Ù¹ LXX ØªØ±Ø¬Ù…Û,Septuagint LXX translated, ,text,False
watchtower,Ø²ÛŒÙˆÙ†Ø² ÙˆØ§Ú† Ù¹Ø§ÙˆØ± Ø§ÛŒÙ†Úˆ ÛÛŒØ±Ø§Ù„Úˆ Ø¢Ù Ú©Ø±Ø§Ø¦Ø³Ù¹ Ù¾Ø±ÛŒØ²Ù†Ø³ Ú©Ø§ Ù¾ÛÙ„Ø§ Ø´Ù…Ø§Ø±Û 1879 Ù…ÛŒÚº Ø´Ø§Ø¦Ø¹ ÛÙˆØ§,The first issue of â€œZionâ€™s Watch Tower and Herald of Christâ€™s Presenceâ€ is published in 1879, ,text,False
jehovahs_witnesses,Ø¨Ø§Ø¦Ø¨Ù„ Ø³Ù¹ÙˆÚˆÙ†Ù¹Ø³ Ù†Û’ Ø§ÛŒÚ© Ù†ÛŒØ§ Ù†Ø§Ù… Ø§Ù¾Ù†Ø§ÛŒØ§ â€“ ÛŒÛÙˆÙˆØ§Û Ú©Û’ Ú¯ÙˆØ§Û (ÛŒØ³Ø¹ÛŒØ§Û 43:10ØŒ 12) Ú©ÙˆÙ„Ù…Ø¨Ø³ØŒ Ø§ÙˆÛØ§Ø¦ÛŒÙˆØŒ 1931 Ù…ÛŒÚº,"The Bible Students adopt a new name â€“ Jehovahâ€™s Witnesses (Isaiah 43:10, 12) in Columbus, Ohio, 1931",4.6 extends scriptures,text,False
gilead_school,ÙˆØ§Ú† Ù¹Ø§ÙˆØ± Ø¨Ø§Ø¦Ø¨Ù„ Ø³Ú©ÙˆÙ„ Ø¢Ù Ú¯ÛŒÙ„Ø§Ø¯ Ù¾ÛŒØ±ØŒ ÙØ±ÙˆØ±ÛŒ 1ØŒ 1943 Ú©Ùˆ Ø´Ø±ÙˆØ¹ ÛÙˆØ§Û”,"Watchtower Bible School of Gilead begins on Monday, February 1, 1943", ,text,False
new_world_translation1,"18 Ø¬ÙˆÙ†ØŒ 1960 Ú©Ùˆ Ù…Ø§Ù†Ú†Ø³Ù¹Ø±ØŒ Ø§Ù†Ú¯Ù„Ø³ØªØ§Ù† Ù…ÛŒÚº Ø¬Ø§Ø±ÛŒ ÛÙˆÙ†Û’ ÙˆØ§Ù„ÛŒ ""Ù†ÛŒÙˆ ÙˆØ±Ù„Úˆ Ù¹Ø±Ø§Ù†Ø³Ù„ÛŒØ´Ù† Ø¢Ù Ø¯ÛŒ ÛÙˆÙ„ÛŒ Ø³Ú©Ø±Ù¾Ú†Ø±Ø²"" Ø¨Ø§Ø¦Ø¨Ù„ Ú©Û’ Ø¨ÛØª Ø³Û’ Ø­ØµÙˆÚº Ù…ÛŒÚº ÛŒÛÙˆÙˆØ§Û Ù†Ø§Ù… Ú©Ùˆ Ø¯ÙˆØ¨Ø§Ø±Û Ù…ØªØ¹Ø§Ø±Ù Ú©Ø±Ø§ØªÛŒ ÛÛ’Û”","â€œNew World Translation of the Holy Scripturesâ€ released in Manchester, England on June 18, 1960, reintroduces the name Jehovah in many parts of the Bible",4.6 extends scriptures,text,False
new_world_translation2,"Ù†Ø¸Ø± Ø«Ø§Ù†ÛŒ Ø´Ø¯Û ""Ù†ÛŒÙˆ ÙˆØ±Ù„Úˆ Ù¹Ø±Ø§Ù†Ø³Ù„ÛŒØ´Ù† Ø¢Ù Ø¯ÛŒ ÛÙˆÙ„ÛŒ Ø³Ú©Ø±Ù¾Ú†Ø±Ø²"" Ø³Ø§Ù„Ø§Ù†Û Ù…ÛŒÙ¹Ù†Ú¯ 2013 Ù…ÛŒÚº Ø¬Ø§Ø±ÛŒ Ú©ÛŒ Ú¯Ø¦ÛŒØŒ Ø¬Ùˆ ÚˆÛŒØ¬ÛŒÙ¹Ù„ Ø§ÙˆØ± Ø¢Ù† Ù„Ø§Ø¦Ù† Ø§Ø³ØªØ¹Ù…Ø§Ù„ Ú©Ø±Ù†Û’ Ú©Û’ Ù„ÛŒÛ’ Ù…ÙˆØ²ÙˆÚº ÛÛ’Û”","Revised â€œNew World Translation of the Holy Scripturesâ€ released at annual meeting 2013, optimized to be used digitally and online",4.6 extends scriptures,text,False
cold_war,"Ø¬ØºØ±Ø§ÙÛŒØ§Ø¦ÛŒ Ø³ÛŒØ§Ø³ÛŒ ØµÙˆØ±ØªØ­Ø§Ù„ Ø¬Ø³ Ú©Ø§ Ù„ÛŒØ¨Ù„ ""Ø³Ø±Ø¯ Ø¬Ù†Ú¯"" 1945-1991 ÛÛ’Û”",Geopolitical situation labeled â€œCold Warâ€ 1945-1991, ,text,False
timeline_created,"ÛŒÛ Ù¹Ø§Ø¦Ù… Ù„Ø§Ø¦Ù† 2023 Ù…ÛŒÚº Ø¨Ù†Ø§Ø¦ÛŒ Ú¯Ø¦ÛŒ ØªÚ¾ÛŒØŒ Ø¬Ùˆ Ø§Ù†Ø³Ø§Ù†ÛŒ ØªØ§Ø±ÛŒØ® Ú©Ø§ Ú¯Ø±Ù… ØªØ±ÛŒÙ† Ø³Ø§Ù„ Ø§ÙˆØ± Ú¯Ø²Ø´ØªÛ 125,000 Ø³Ø§Ù„ ØªÚ¾Ø§Û”","This timeline is created in 2023, the hottest year in human history and the last 125,000 years", ,text,False
codex_sinaiticus,Ú©ÙˆÚˆÛŒÚ©Ø³ Ø³ÛŒÙ†Ø§Ø¦ÛŒÙ¹Ú©Ø³ Ù„Ú©Ú¾Ø§ Ú¯ÛŒØ§ ÛÛ’,Codex Sinaiticus written, ,text,False
codex_vaticanus,Ú©ÙˆÚˆÛŒÚ©Ø³ ÙˆÛŒÙ¹ÛŒÚ©Ù†Ø³ Ù„Ú©Ú¾Ø§,Codex Vaticanus written, ,text,False
leningrad_codex,Ù„ÛŒÙ†Ù† Ú¯Ø±Ø§Úˆ Ú©ÙˆÚˆÛŒÚ©Ø³ Ù‚Ø§ÛØ±Û AD 1008 Ù…ÛŒÚº Ù„Ú©Ú¾Ø§ Ú¯ÛŒØ§Û”,Leningrad Codex written in Cairo AD 1008, ,text,False
john,"Ø¬Ø§Ù† Ù¾ÛŒÙ¹Ø±Ù…ÙˆØ³ 96-98 Ø¹ÛŒØ³ÙˆÛŒ Ù…ÛŒÚº Ø¬Ù„Ø§ÙˆØ·Ù†ÛŒ Ú©Û’ Ø¯ÙˆØ±Ø§Ù† ""Ù…Ú©Ø§Ø´ÙÛ"" Ù„Ú©Ú¾ØªØ§ ÛÛ’Û”",John writes â€œrevelationâ€ while exiled on Patmos 96-98 C.E., ,text,False
buddha,Ù…ÛØ§ØªÙ…Ø§ Ø¨Ø¯Ú¾ â€“ Ø³Ø¯Ú¾Ø§Ø±ØªÚ¾ Ú¯ÙˆØªÙ… 563-483 Ù‚Ø¨Ù„ Ù…Ø³ÛŒØ­,The Buddha â€“ Siddhartha Gautama c.563-c.483 B.C.E, ,text,False
buddha2,Ø¨Ø¯Ú¾ Ù…ØªØ¨Ø§Ø¯Ù„ Ø·ÙˆØ± Ù¾Ø± c. 480-400 Ù‚Ø¨Ù„ Ù…Ø³ÛŒØ­,Buddha alternatively c. 480-400 B.C.E., ,text,False
mohammed,Ù…Ø­Ù…Ø¯ Ø¬. 570-632 Ø¹ÛŒØ³ÙˆÛŒ,Mohammed c. 570-632, ,text,False
confucius,Ú©Ù†ÙÛŒÙˆØ´Ø³ 551-479 Ù‚Ø¨Ù„ Ù…Ø³ÛŒØ­,Confucius c.551-c.479 B.C.E., ,text,False
hijrah,ÛØ¬Ø±Øª - Ù…Ú©Û Ø³Û’ Ù…Ø¯ÛŒÙ†Û Ú©Ø§ Ø³ÙØ± 16 Ø¬ÙˆÙ„Ø§Ø¦ÛŒ 622,Hijrah - Journey Mecca to Medina 16 July 622, ,text,False
moses_escape,1553 Ù‚Ø¨Ù„ Ù…Ø³ÛŒØ­ Ù…ÙˆØ³ÛŒÙ° Ú©Ùˆ Ù…ØµØ± Ø³Û’ ÙØ±Ø§Ø± ÛÙˆÙ†Ø§ ÛÛ’ â€“ Ø®Ø±ÙˆØ¬ 2:15ØŒ Ø§Ø¹Ù…Ø§Ù„ 7:23,"1553 B.C.E. Moses has to escape Egypt â€“ Exodus 2:15, Acts 7:23", ,text,False
10plagues,1513 Ù‚Ø¨Ù„ Ù…Ø³ÛŒØ­ Ù…ØµØ± Ú©Ùˆ 10 Ø·Ø§Ø¹ÙˆÙ† Ù…ÙˆØµÙˆÙ„ ÛÙˆØ¦ÛŒÚº,1513 B.C.E Egypt receives 10 plagues, ,text,False
joseph_sold,Ø¬ÙˆØ²Ù Ú©Ùˆ 17 Ø³Ø§Ù„ Ú©ÛŒ Ø¹Ù…Ø± Ù…ÛŒÚº ØºÙ„Ø§Ù… Ú©Û’ Ø·ÙˆØ± Ù¾Ø± ÙØ±ÙˆØ®Øª Ú©ÛŒØ§ Ú¯ÛŒØ§ - Gen 37:2,Joseph sold as slave at the age of 17 â€“ Gen 37:2, ,text,False
infliction,400 Ø³Ø§Ù„ Ú©ÛŒ Ø³Ø²Ø§ (Ø§Ø¹Ù…Ø§Ù„ 7:6) - Ø§Ø³Ù…Ø§Ø¹ÛŒÙ„ 1913 Ù‚Ø¨Ù„ Ù…Ø³ÛŒØ­,400 year infliction (Acts 7:6) â€“ Ishmael 1913 B.C.E, ,text,False
Alexander,Ø³Ú©Ù†Ø¯Ø± Ø§Ø¹Ø¸Ù… (Ø¯Ø§Ù†ÛŒØ§Ù„ 11:3),Alexander the Great (Daniel 11:3), ,text,False
persia,Ø³Ø§Ø¦Ø±Ø³ Ø¯ÛŒ Ú¯Ø±ÛŒÙ¹ØŒ Ú©ÛŒÙ…Ø¨ÛŒØ³Ø² IIØŒ ÚˆÛŒØ±ÛŒÙˆØ³ Ø§ÙˆÙ„ 490 Ù‚Ø¨Ù„ Ù…Ø³ÛŒØ­ØŒ Ø²Ø±Ú©Ø³ÛŒØ² Ø§ÙˆÙ„ 480 Ø¨ÛŒ Ø³ÛŒ Ø§ÛŒ (Ø§ÛŒØ³Ù¹Ø± Ú©Ø§ Ø´ÙˆÛØ±ØŒ ÚˆÛŒÙ†ÛŒØ¦Ù„ 11:2),"Cyrus the Great, Cambyses II, Darius I 490 BCE, Xerxes I 480 BCE (husband of Esther, Daniel 11:2)", ,text,False
king_north,"Seleucus I Nicator (v5) Ø´Ø§Ù… Ø³Û’ Antiochus III (v10) Ø§ÙˆØ± Seleucus IV (v18, 19) Ù†ÛŒÚ†Û’ Octavian (v20) Ø§ÙˆØ± Tiberius (v21-24)","Seleucus I Nicator (v5) Syria to Antiochus III (v10) and Seleucus IV (v18, 19) down to Octavian (v20) and Tiberius (v21-24)", ,text,False
king_north1,Ø´Ù…Ø§Ù„ Ú©Ø§ Ø¨Ø§Ø¯Ø´Ø§Û,King of the North, ,text,False
king_south,"Ø¨Ø·Ù„ÛŒÙ…ÛŒ I, II, III, IV (v11, 12), V (v15, 16) Ø³Û’ Ø¬Ù†Ú¯ Actium 31 B.C.E.","Ptolemy I, II, III, IV (v11, 12), V (v15, 16) to the battle Actium 31 B.C.E.", ,text,False
king_south1,Ø¬Ù†ÙˆØ¨ Ú©Ø§ Ø¨Ø§Ø¯Ø´Ø§Û,King of the South, ,text,False
king_south2,Ø¨Ø±Ø·Ø§Ù†ÙˆÛŒ Ø³Ù„Ø·Ù†Øª 1870ØŒ Ø§ÛŒÙ†Ú¯Ù„Ùˆ Ø§Ù…Ø±ÛŒÚ©Ù† Ø¹Ø§Ù„Ù…ÛŒ Ø·Ø§Ù‚Øª 1914 Ø³Û’,"British Empire 1870, Anglo-American World Power since 1914", ,text,False
king_south3,Ø¬Ù†ÙˆØ¨ Ú©Ø§ Ø¨Ø§Ø¯Ø´Ø§Û,King of the South, ,text,False
king_north2,Ø´ÛÙ†Ø´Ø§Û ÙˆÙ„ÛŒÙ… Ø§ÙˆÙ„ Ú©Û’ Ø³Ø§ØªÚ¾ Ø¬Ø±Ù…Ù†ÛŒ 1871 (ÙˆÛŒ 28)ØŒ 1914 (ÙˆÛŒ 29)ØŒ 1935 (ÙˆÛŒ 30 Ø¨ÛŒ)ØŒ 1939 (ÙˆÛŒ 31 Ø§Û’),"Germany with Emperor William I 1871 (v28), 1914 (v29), 1935 (v30b), 1939 (v31a)", ,text,False
king_north3,Ø´Ù…Ø§Ù„,North, ,text,False
king_north4,Ø³ÙˆÙˆÛŒØª ÛŒÙˆÙ†ÛŒÙ† 1945-1991 (ÚˆÛŒÙ†ÛŒÙ„ 11:32-39ØŒ 40bØŒ 41),"Soviet Union 1945-1991 (Daniel 11:32-39, 40b, 41)", ,text,False
king_north5,Ø±ÙˆØ³ Ø³Û’ 2017 (w20 Ù…Ø¦ÛŒ),Russia since 2017 (w20 May), ,text,False
time_of_end,Ù…Ø³ÛŒØ­ Ú©ÛŒ Ù…ÙˆØ¬ÙˆØ¯Ú¯ÛŒØŒ Ù†Ø¸Ø§Ù…Ù Ø§Ù„Ù°ÛÛŒ Ú©Ø§ Ø§Ø®ØªØªØ§Ù… (Ù…ØªÛŒ 24:3)ØŒ Ø¢Ø®Ø±ÛŒ Ø§ÛŒØ§Ù… (2 ØªÛŒÙ…ØªÚ¾ÛŒØ³ 3:1),"Presence of Christ, Conclusion of the system of things (Matthew 24:3), the last days (2 Timothy 3:1)",4.6 extends scriptures,text,False
time_of_end2,Ø¢Ø®Ø±ÛŒ Ø§ÛŒØ§Ù…,Last days, ,text,False
suryavaman2,Ø¨Ø§Ø¯Ø´Ø§Û Ø³ÙˆØ±ÛŒØ§ ÙˆØ±Ù…Ù† Ø¯ÙˆÙ… Ù†Û’ Ø§Ù†Ú¯Ú©ÙˆØ± ÙˆØ§Ù¹ 1113-1150 ØªØ¹Ù…ÛŒØ± Ú©ÛŒØ§Û”,King Suryavarman II builds Angkor Wat 1113-1150, ,text,False
notre-dame,Ù†ÙˆÙ¹Ø±ÛŒ ÚˆÛŒÙ… ÚˆÛŒ Ù¾ÛŒØ±Ø³ Ù†Û’ 1163-1260 Ù…ÛŒÚº ØªØ¹Ù…ÛŒØ± Ú©ÛŒØ§Û”,Notre-Dame de Paris built 1163-1260, ,text,False
babel,Ø¨Ø§Ø¨Ù„ Ú©Ø§ Ù…ÛŒÙ†Ø§Ø± Ø¨Ù†Ø§ÛŒØ§ Ú¯ÛŒØ§Û”,Tower of Babel built, ,text,False
infliction1,400 Ø³Ø§Ù„ Ú©ÛŒ Ø³Ø²Ø§,400 year infliction,Acts 7:6,text,False
Lots_wife,Ù„ÙˆØ· Ú©ÛŒ Ø¨ÛŒÙˆÛŒ,Lotâ€™s wife, ,text,False
Lots_daughters,Ù„ÙˆØ· Ú©ÛŒ Ø¨ÛŒÙ¹ÛŒØ§Úº,Daughters of Lot, ,text,False
Moab,Ù…ÙˆØ¢Ø¨ (Ø¨Ú‘ÛŒ Ø¨ÛŒÙ¹ÛŒ),Moab (older daughter), ,text,False
rosetta,Ø±ÙˆØ²ÛŒÙ¹Ø§ Ù¾ØªÚ¾Ø± 196 Ù‚Ø¨Ù„ Ù…Ø³ÛŒØ­,Rosetta stone 196 B.C.E., ,text,False
Herodotus,ÛÛŒØ±ÙˆÚˆÙˆÙ¹Ø³ Ø³ÛŒÛ” 484 - Ø¬. 425 Ù‚Ø¨Ù„ Ù…Ø³ÛŒØ­ØŒ ØªØ§Ø±ÛŒØ® Ù„Ú©Ú¾ØªØ§ ÛÛ’Û”,"Herodotus c. 484 â€“ c. 425 BC, writes The Histories",Father of History,text,False
Aristotle,Ø§Ø±Ø³Ø·Ùˆ 384-322 Ù‚Ø¨Ù„ Ù…Ø³ÛŒØ­,Aristotle 384 â€“ 322 BC,"The First Teacher, The Philosopher",text,False
Ptolemy,Ø¨Ø·Ù„ÛŒÙ…ÛŒ Ø³ÛŒ 100 â€“ 170 Ø¹ÛŒØ³ÙˆÛŒ,Ptolemy c 100 â€“ c. 170 C.E., ,text,False
Pythagoras,Pythagoras c. 570 - Ø³ÛŒÛ” 495 Ù‚Ø¨Ù„ Ù…Ø³ÛŒØ­,Pythagoras c. 570 â€“ c. 495 BC, ,text,False
Plato,Ø§ÙÙ„Ø§Ø·ÙˆÙ† Ø¬. 427 - Ø³ÛŒÛ” 348 Ù‚Ø¨Ù„ Ù…Ø³ÛŒØ­,Plato c. 427 â€“ c. 348 BC, ,text,False
Socrates,Ø³Ù‚Ø±Ø§Ø· Ø¬. 470 - Ø³ÛŒÛ” 399 Ù‚Ø¨Ù„ Ù…Ø³ÛŒØ­,Socrates c. 470 â€“ c. 399 BC, ,text,False
Josephus,Ø¬ÙˆØ²ÙØ³ Ø³ÛŒ. 37 - Ø¬. 100 Ø¹ÛŒØ³ÙˆÛŒ,Josephus c. 37 â€“ c. 100 C.E., ,text,False
Cicero,Ø³ÛŒØ³ÛŒØ±Ùˆ 106â€“43 Ù‚Ø¨Ù„ Ù…Ø³ÛŒØ­,Cicero 106â€“43 BC,"influence on Latin language, 3 Jan 106 BC â€“ 7 Dec 43 BC",text,False
lachish_letters,Ù„Ú©Ø´ Ø­Ø±ÙˆÙ Ø¬. 590 Ù‚Ø¨Ù„ Ù…Ø³ÛŒØ­,Lachish letters c. 590 B.C.E., ,text,False
lachish_reliefs,Ù„Ú†Ø´ Ø±ÛŒÙ„ÛŒÙØ² c. 681 Ù‚Ø¨Ù„ Ù…Ø³ÛŒØ­,Lachish reliefs c. 681 B.C.E., ,text,False
mesha_stele,Ù…ÛŒØ´Ø§ Ø³Ù¹ÛŒÙ„ (Ù…ÙˆØ¢Ø¨ÛŒ Ù¾ØªÚ¾Ø±) Ø¬. 840 Ù‚Ø¨Ù„ Ù…Ø³ÛŒØ­,Mesha Stele (Moabite stone) c. 840 B.C.E., ,text,False
gilgamesh,Gilgamesh and Aga ð’‡½ð’†¥ð’„„ð’€€ð’€ð’‚µ,Gilgamesh and Aga ð’‡½ð’†¥ð’„„ð’€€ð’€ð’‚µ, ,text,False
epic_gilgamesh,Ú¯Ù„Ú¯Ø§Ù…ÛŒØ´ Ú©Ø§ Ù…ÛØ§Ú©Ø§ÙˆÛŒ (SÃ®n-lÄ“qi-unninni),Epic of Gilgamesh (SÃ®n-lÄ“qi-unninni), ,text,False
gregorian,Ú¯Ø±ÛŒÚ¯ÙˆØ±ÛŒÙ† Ú©ÛŒÙ„Ù†ÚˆØ± 1582,Gregorian calendar 1582, ,text,False
shang-dynasty,c 1600-1046 Ù‚Ø¨Ù„ Ù…Ø³ÛŒØ­,c. 1600-1046 BC, ,text,False
western-zhou,c 1046-771 Ù‚Ø¨Ù„ Ù…Ø³ÛŒØ­,c. 1046-771 BC, ,text,False
qin-dynasty,Ú©Ù† 221-207 Ù‚Ø¨Ù„ Ù…Ø³ÛŒØ­,Qin 221-207 BC, ,text,False
western-han,207 Ù‚Ø¨Ù„ Ù…Ø³ÛŒØ­ - 9 Ø¹ÛŒØ³ÙˆÛŒ,207 BC â€“ 9 CE, ,text,False
three-kingdoms,ØªÛŒÙ† Ø³Ù„Ø·Ù†ØªÛŒÚº 220-280 Ø¹ÛŒØ³ÙˆÛŒ,Three kingdoms 220-280 CE, ,text,False
sixteen-kingdoms,Ø³ÙˆÙ„Û Ø³Ù„Ø·Ù†ØªÛŒÚº 304-439 Ø¹ÛŒØ³ÙˆÛŒ,Sixteen kingdoms 304-439 CE, ,text,False
tang-dynasty2,618-690ØŒ 705-907,"618-690, 705-907", ,text,False
wu-zhou,690-705 ÙˆÙˆ Ø²Ùˆ,690-705 Wu Zhou, ,text,False
tang-dynasty1_c,ØªØ§Ù†Ú¯,Tang, ,text,False
gonghe,Ú¯ÙˆÙ†Ú¯Û’ Ø±ÛŒØ¬Ù†Ø³ÛŒ 841-828 Ù‚Ø¨Ù„ Ù…Ø³ÛŒØ­,Gonghe Regency 841-828 BC, ,text,False
Ashoka,Ø§Ø´ÙˆÚ© (c. 304-232 BC) Ø¨Ø¯Ú¾ Ù…Øª Ú©Ùˆ ÙØ±ÙˆØº Ø¯ÛŒØªØ§ ÛÛ’Û”,Ashoka (c. 304-232 BC) promotes Buddhism, ,text,False
siloam-tunnel,Ø­Ø²Ù‚ÛŒØ§Û Ù†Û’ Ø³Ù„ÙˆØ§Ù… Ø³Ø±Ù†Ú¯ Ú©Ùˆ Ø¨Ú‘Ú¾Ø§ÛŒØ§,Hezekiah extends Siloam tunnel,c. 742-732 BC,text,False
Angloamerica2,ÚˆÛŒÙ†ÛŒØ¦Ù„ 2:33ØŒ 41-43 Ù…ÛŒÚº Ù¾ÛŒØ´ÛŒÙ†Ú¯ÙˆØ¦ÛŒ Ù…ÛŒÚº Ø§ÛŒÙ†Ú¯Ù„Ùˆ Ø§Ù…Ø±ÛŒÚ©Ù† Ú©Ùˆ Ù…Ù¹ÛŒ Ú©Û’ Ø³Ø§ØªÚ¾ Ù…Ù„Û’ ÛÙˆØ¦Û’ Ù„ÙˆÛÛ’ Ú©Û’ Ù¾Ø§Ø¤Úº Ø³Û’ Ù†Ø´Ø§Ù† Ø²Ø¯ Ú©ÛŒØ§ Ú¯ÛŒØ§ ÛÛ’Û”,"Anglo-American is symbolized by the feet of iron mixed with clay in the prophecy in Daniel 2:33, 41-43", ,text,False
Manetho,Ù…Ù†ÛŒØªÚ¾Ùˆ Ø§ÛŒØ¬Ù¾Ù¹ÛŒØ§Ú©Ø§ Ù„Ú©Ú¾ØªØ§ ÛÛ’,Manetho writes Aegyptiaca, ,text,False
destruction_babylon,Ø¹Ø¸ÛŒÙ… Ø¨Ø§Ø¨Ù„ Ú©ÛŒ ØªØ¨Ø§ÛÛŒ (Ù…Ú©Ø§Ø´ÙÛ 17:3ØŒ 15-18Ø› 18:9ØŒ 10),"Destruction of Babylon the Great (Revelation 17:3, 15-18; 18:9, 10)",beginning of great tribulation (GT),text,False
gog_of_magog,ÛŒØ§Ø¬ÙˆØ¬ Ù…Ø§Ø¬ÙˆØ¬ Ú©Ø§ Ø­Ù…Ù„Û (Ø­Ø²Ù‚ÛŒ Ø§ÛŒÙ„ 38:1ØŒ 2ØŒ 9-12ØŒ 18-23),"Attack of Gog of Magog (Ezekiel 38:1, 2, 9-12, 18-23)",end of GT,text,False
sheep_goat,Ø¨Ú¾ÛŒÚ‘ÙˆÚº Ø§ÙˆØ± Ø¨Ú©Ø±ÛŒÙˆÚº Ú©Ùˆ Ø§Ù„Ú¯ Ú©Ø±ØªÛ’ ÛÙˆØ¦Û’ Ø²Ù…ÛŒÙ† Ú©Û’ Ø¨Ø§Ø´Ù†Ø¯ÙˆÚº Ú©Ø§ ÙÛŒØµÙ„Û Ú©ÛŒØ§ Ø¬Ø§Ø¦Û’ Ú¯Ø§ (Ù…ØªÛŒ 25:31-33),"Earthâ€™s inhabitants are judged, separating sheep and goats (Matthew 25:31-33)",end of GT,text,False
annointed,Ø¨Ø§Ø¯Ø´Ø§ÛÛŒ Ø­Ú©Ù…Ø±Ø§Ù†ÙˆÚº Ú©Ø§ Ø§Ø¬ØªÙ…Ø§Ø¹ (Ù…ØªÛŒ 24:31Ø› 1 Ú©Ø±Ù†ØªÚ¾ÛŒÙˆÚº 15:50-53Ø› 1 ØªÚ¾ÛŒØ³Ø§Ù„ÙˆÙ†ÛŒÚ©ÛŒÙˆÚº 4:15-17),Gathering of Kingdom rulers (Matthew 24:31; 1 Corinthians 15:50-53; 1 Thessalonians 4:15-17),end of GT,text,False
armageddon,Ø¢Ø±Ù…Ø§Ø¬ÛŒÚˆÙˆÙ† Ú©ÛŒ Ø¬Ù†Ú¯ (Ù…Ú©Ø§Ø´ÙÛ 16:14ØŒ 16Ø› ÛŒØ³Ø¹ÛŒØ§Û 13:9Ø› 2 Ù¾ÛŒÙ¹Ø± 3:12),"Battle of Armageddon (Revelation 16:14, 16; Isaiah 13:9; 2 Peter 3:12)",end of system of things,text,False
millenium,Ø®Ø¯Ø§ Ú©ÛŒ Ø¨Ø§Ø¯Ø´Ø§ÛØª Ø§Ù¾Ù†Û’ 1000 Ø³Ø§Ù„Û Ø¯ÙˆØ± Ø­Ú©ÙˆÙ…Øª Ú©Ø§ Ø¢ØºØ§Ø² Ú©Ø±ØªÛŒ ÛÛ’ (Ù…Ú©Ø§Ø´ÙÛ 5:9ØŒ 10Ø› 20:4ØŒ 6),"Godâ€™s Kingdom begins its 1000-year reign (Revelation 5:9, 10; 20:4, 6)", ,text,False
great_crowd,Ø§ÛŒÚ© Ø¨Ú‘ÛŒ Ø¨Ú¾ÛŒÚ‘ Ø¢Ø±Ù…Ø§Ø¬ÛŒÚˆÙˆÙ† Ø³Û’ Ø¨Ú† Ú¯Ø¦ÛŒ (Ù…Ú©Ø§Ø´ÙÛ 7:9ØŒ 14Ø› Ø²Ø¨ÙˆØ± 37:9-11),"A great crowd survives Armageddon (Revelation 7:9, 14; Psalm 37:9-11)", ,text,False
world_population,Ú¯Ø²Ø´ØªÛ 2000 Ø³Ø§Ù„ÙˆÚº Ù…ÛŒÚº Ø¯Ù†ÛŒØ§ Ú©ÛŒ Ø¢Ø¨Ø§Ø¯ÛŒ Ø§Ø±Ø¨ÙˆÚº Ù…ÛŒÚº,World population in billions in the last 2000 years, ,text,False
khmer_empire_c,Ø®Ù…ÛŒØ± Ø³Ù„Ø·Ù†Øª - Ø§Ù†Ú¯Ú©ÙˆØ± Ø¯ÙˆØ±,Khmer Empire - Angkor period, ,text,False
holy_roman_empire_c,Ù…Ù‚Ø¯Ø³ Ø±ÙˆÙ…Ù† Ø³Ù„Ø·Ù†Øª - 1512 Ú©Û’ Ø¨Ø¹Ø¯ Ø¬Ø±Ù…Ù† Ù‚ÙˆÙ… Ú©ÛŒ Ù…Ù‚Ø¯Ø³ Ø±ÙˆÙ…Ù† Ø³Ù„Ø·Ù†Øª,Holy Roman Empire â€“ known as Holy Roman Empire of the German Nation after 1512, ,text,False
mongol_empire,Ù…Ù†Ú¯ÙˆÙ„ Ø³Ù„Ø·Ù†Øª 1206 - 1294 Ø¹ÛŒØ³ÙˆÛŒ,Mongol Empire 1206 â€“ 1294, ,text,False
maya_classic_c,Ù…Ø§ÛŒØ§ ØªÛØ°ÛŒØ¨ - Ú©Ù„Ø§Ø³Ú© Ø¯ÙˆØ±,Maya civilization â€“ Classic period, ,text,False
maya_postclassic_c,Ù…Ø§ÛŒØ§ ØªÛØ°ÛŒØ¨ - Ù¾ÙˆØ³Ù¹ Ú©Ù„Ø§Ø³Ú© Ø¯ÙˆØ±,Maya civilization â€“ Postclassic period, ,text,False
Teotihuacan,Ø§Ù…Ø±ÛŒÚ©Û Ú©Ø§ Ø³Ø¨ Ø³Û’ Ø¨Ú‘Ø§ Ø´ÛØ±ØŒ Ø§ÛØ±Ø§Ù… Ú©ÛŒ ØªØ¹Ù…ÛŒØ± c. 200 Ø¹ÛŒØ³ÙˆÛŒ,"Largest city in the Americas, pyramids build c. 200 C.E.", ,text,False
Dionysius_Exiguus,Dionysius ExiguusØŒ Anno Domini Ú©Ø§ Ù…ÙˆØ¬Ø¯,"Dionysius Exiguus, inventor of Anno Domini", ,text,False
Umayyad_c,Ø§Ù…ÙˆÛŒ,Umayyad, ,text,False
ur3,Ur III dynasty ð’‹€ð’€•ð’† ,Ur III Dynasty ð’‹€ð’€•ð’† , ,text,False
hammurabi,Hammurabi ð’„©ð’„ ð’ˆ¬ð’Šð’‰,Hammurabi ð’„©ð’„ ð’ˆ¬ð’Šð’‰, ,text,False
Al-Khwarizmi,Ø§Ù„Ø®ÙˆØ§Ø±Ø²Ù…ÛŒ Ø§Ù„Ø¬Ø¨Ø± (Ø§Ù„Ø¬Ø¨Ø±Ø§) Ù„Ú©Ú¾ØªÛ’ ÛÛŒÚºÛ”,al-Khwarizmi writes Al-Jabr (Algebra), ,text,False
al-azhar,Ø¬Ø§Ù…Ø¹Û Ø§Ù„Ø§Ø²ÛØ± Ù‚Ø§ÛØ±Û Ù…ÛŒÚº Ù‚Ø§Ø¦Ù… ÛÛ’Û”,Al-Azhar University is established in Cairo, ,text,False
Ibn-Sina,Ø§Ø¨Ù† Ø³ÛŒÙ†Ø§ ÛŒØ§ Ø§ÙˆÛŒØ³ÛŒÙ†Ø§,Ibn Sina or Avicenna, ,text,False
life-expectancy,Ø²Ù†Ø¯Ú¯ÛŒ Ú©ÛŒ ØªÙˆÙ‚Ø¹ 75 Ø³Ø§Ù„,Life expectancy 75 years, ,text,False
430years_c,430 Ø³Ø§Ù„: Ø®Ø±ÙˆØ¬ 12:41 ØŒ Ú¯Ù„ØªÛŒÙˆÚº 3: 17,"430 years: Exodus 12:41, Galatians 3:17",2024-12-24,text,False
maya_calendar,Ù…Ø§ÛŒØ§ Ú©ÛŒÙ„Ù†ÚˆØ± Ú©Ø§ Ø­Ø³Ø§Ø¨ Ú©ØªØ§Ø¨ 11 Ø§Ú¯Ø³Øª ØŒ 3114 B.C.E.,"Calculated beginning of Maya calendar August 11, 3114 B.C.E.",2024-12-25,text,False
xia-dynasty2,c 2070 - Ø³ÛŒ. 1600 Ù‚Ø¨Ù„ Ù…Ø³ÛŒØ­ Ø› Ø§ÛŒØ±Ø§ Ù†Û’ Ù…ØºØ±Ø¨ÛŒ Ú†Ø§Ø¤ Ø¯ÙˆØ± Ú©Û’ Ø¯ÙˆØ±Ø§Ù† Ù¾ÛÙ„ÛŒ Ø¨Ø§Ø± Ø§Ø´Ø§Ø±Û Ú©ÛŒØ§,c. 2070 â€“ c. 1600 BC; Era first alluded during the Western Zhou period,2025-01-02,text,False
xia-dynasty2_c,Ú†ÛŒÙ† Ù…ÛŒÚº Ú˜ÛŒØ§ Ø®Ø§Ù†Ø¯Ø§Ù†,Xia dynasty in China, ,text,False
tres_zapotes,3 Ø³ØªÙ…Ø¨Ø± ØŒ 32 B.C.E.,"September 3rd, 32 B.C.E.",2024-12-31,text,False
joseph_jacob_reunited,Ø¬ÙˆØ²Ù Ø§ÙˆØ± Ø¬ÛŒÚ©Ø¨ Ù†Û’ Ù…ØµØ± Ù…ÛŒÚº Ø¯ÙˆØ¨Ø§Ø±Û Ø§ØªØ­Ø§Ø¯ Ú©ÛŒØ§ - 1728 B.C.E. (Ø¬Ù†Ø±Ù„ 45:11 Ø› 47: 9),Joseph and Jacob reunited in Egypt â€“ 1728 B.C.E. (Gen 45:11; 47:9),2025-01-01,text,False
king_south_light_c,ÚˆÛŒÙ†ÛŒØ¦Ù„ 11 Ø³Û’ Ø¬Ù†ÙˆØ¨ Ú©Ø§ Ø¨Ø§Ø¯Ø´Ø§Û,King of the South from Daniel 11,2025-02-05,text,False
king_north_light_c,ÚˆÛŒÙ†ÛŒØ¦Ù„ 11 Ø³Û’ Ø´Ù…Ø§Ù„ Ú©Ø§ Ø¨Ø§Ø¯Ø´Ø§Û,King of the North from Daniel 11,2025-02-05,text,False
daniel2_iron_c,ÚˆÛŒÙ†ÛŒØ¦Ù„ 2 Ø³Û’ Ù„ÙˆÛÛ’ Ú©ÛŒ Ù¹Ø§Ù†Ú¯ÛŒÚº,Iron legs from Daniel 2,2025-02-05,text,False
argenteus,Ú©ÙˆÚˆÛŒÚ©Ø³ Ø§Ø±Ø¬Ù†Ù¹ÛŒØ³ Ø³ÛŒÛ” 505,Codex Argenteus c. 505,written copy of Wulfila Bible,text,False
nguyen_dynasty_c,nguyá»…n,Nguyá»…n,2025-09-20,text,False
edo_c,Ø¬Ø§Ù¾Ø§Ù† Ù…ÛŒÚº Ø§ÛŒÚˆÙˆ Ù¾ÛŒØ±ÛŒÚˆ,Edo period in Japan,Edo period (Tokugawa shogunate),text,False
meiji_c,Ù…ÛŒØ¬ÛŒ,Meiji,2025-09-20,text,False
american_civil_war,Ø§Ù…Ø±ÛŒÚ©ÛŒ Ø®Ø§Ù†Û Ø¬Ù†Ú¯ÛŒ 1861-1865,American Civil War 1861-1865,"April 12, 1861 to May 26, 1865",text,False
aleppo_codex,Ø­Ù„Ø¨ Ú©ÙˆÚˆÛŒÚ©Ø³ Ø³ÛŒÛ” 920,Aleppo Codex c. 920,2025-10-03,text,False
vandals,ÙˆÛŒÙ†ÚˆÙ„Ø² Ø§ÙˆØ± Ø§Ù„Ø§Ù†Ø² Ú©ÛŒ Ø¨Ø§Ø¯Ø´Ø§ÛÛŒ 435 - 534,Kingdom of the Vandals and Alans 435 â€“ 534,Vandals 435-534 C.E.,text,False
francia,c 481/509 - 843 ØŒ Ù…ÛŒØ±ÙˆÙˆÙ†Ú¯ÛŒÙ† 751 ØªÚ© ØŒ Ù¾Ú¾Ø± Ú©ÛŒØ±ÙˆÙ„Ù†Ú¯ÛŒÙ†,"c. 481/509 â€“ 843, Merovingian till 751, then Carolingian",Kingdom of the Franks (Regnum Francorum) c. 481/509-843 treaty of Verdun,text,False
francia_c,ÙØ±Ø§Ù†Ú© Ú©ÛŒ Ø¨Ø§Ø¯Ø´Ø§ÛÛŒ,Kingdom of the Franks, ,text,False
100_years_war,Ø³Ùˆ Ø³Ø§Ù„ â€™Ø¬Ù†Ú¯ 1337 - 1453,Hundred Yearsâ€™ War 1337 â€“ 1453,1337â€“1453,text,False
black_death,Ø³ÛŒØ§Û Ù…ÙˆØª 1346-1353,Black death 1346-1353,1346-1353,text,False
sui_dynasty,581-618 Ø³ÙˆØ¦ÛŒ Ø®Ø§Ù†Ø¯Ø§Ù†,581-618 Sui dynasty,2025-11-09,text,False
sui_dynasty_c,Ø³ÙˆØ¦ÛŒ,Sui,2025-11-09,text,False
tribulation,Ø¨Ú‘ÛŒ Ù…ØµÛŒØ¨Øª (Ù…Ø±Ù‚Ø³ 13:19Ø› ÚˆÛŒÙ†ÛŒÙ„ 12:1Ø› Ù…ÛŒÙ¹ 24:21ØŒ 22),"The Great Tribulation (Mark 13:19; Daniel 12:1; Matt 24:21, 22)", ,text,False
Adam,Ø¢Ø¯Ù…,Adam, ,bible,False
Seth,Ø³ÛŒÙ¹Ú¾,Seth, ,bible,False
Enosh,Ø§Ù†ÙˆØ´,Enosh, ,bible,False
Kenan,Ú©ÛŒÙ†Ø§Ù†,Kenan (Cainan), ,bible,False
Mahalalel,Ù…ÛÙ„Ø§Ù„ÛŒÙ„,Mahalalel (Mahalaleel), ,bible,False
Jared,Ø¬ÛŒØ±Úˆ,Jared, ,bible,False
Enoch,Ø­Ù†ÙˆÚ©,Enoch, ,bible,False
Methuselah,Ù…ÛŒØªÚ¾ÙˆØ³ÛŒÙ„Û,Methuselah, ,bible,False
Lamech,Ù„Ø§Ù…Ú†,Lamech, ,bible,False
Noah,Ù†ÙˆØ­,Noah, ,bible,False
Shem,Ø´ÛŒÙ…,Shem, ,bible,False
Arpachshad,Ø§Ø±Ù¾Ú†Ø´Ø§Ø¯,Arpachshad, ,bible,False
Shelah,Ø´ÛŒÙ„Û,Shelah, ,bible,False
Eber,Ø§ÛŒØ¨Ø±,Eber, ,bible,False
Peleg,Ù¾ÛŒÙ„Ú¯,Peleg, ,bible,False
Reu,Ø±ÛŒÙˆ,Reu, ,bible,False
Serug,Ø³Ø±Ú¯,Serug, ,bible,False
Nahor,Ù†Ø§ÛÙˆØ±,Nahor, ,bible,False
Terah,ØªÛŒØ±Ø§Û,Terah, ,bible,False
Abraham,Ø§Ø¨Ø±Ø§ÛÛŒÙ…,Abraham, ,bible,False
Isaac,Ø§Ø³Ø­Ø§Ù‚,Isaac, ,bible,False
Jacob,Ø¬ÛŒÚ©Ø¨,Jacob, ,bible,False
Joseph,Ø¬ÙˆØ²Ù,Joseph, ,bible,False
Moses,Ù…ÙˆØ³ÛŒÙ°,Moses, ,bible,False
Othniel,Ø§ÙˆØªÚ¾Ù†ÛŒÙ„,Othniel, ,bible,False
Ehud,Ø§ÙØ­Ø¯,Ehud, ,bible,False
Shamgar,Ø´Ù…Ú¯Ø§Ø±,Shamgar, ,bible,False
Barak,Ø¨Ø±Ù‚,"Barak, Deborah, Jael", ,bible,False
Gideon,Ø¬Ø¯ÙˆÙ†,Gideon, ,bible,False
Tola,ØªÙˆÙ„Û,Tola, ,bible,False
Jair,Ø¬ÛŒØ±,Jair, ,bible,False
Jephthah,Ø§ÙØªØ§Ø­,Jephthah, ,bible,False
Ibzan,Ø§Ø¨Ø²Ø§Ù†,Ibzan, ,bible,False
Elon,Ø§ÛŒÙ„ÙˆÙ†,Elon, ,bible,False
Abdon,Ø¹Ø¨Ø¯ÙˆÙ†,Abdon, ,bible,False
Samson,Ø³ÛŒÙ…Ø³Ù†,Samson, ,bible,False
Samuel,Ø³Ù…ÙˆØ¦ÛŒÙ„,Samuel, ,bible,False
Saul,Ø³Ø§Ø¤Ù„,Saul, ,bible,False
David,ÚˆÛŒÙˆÚˆ,David, ,bible,False
Solomon,Ø³Ù„ÛŒÙ…Ø§Ù†,Solomon, ,bible,False
Malachi,Ù…Ù„Ø§Ú©ÛŒ,Malachi, ,bible,False
Ruth,Ø±ÙˆØªÚ¾,Ruth, ,bible,False
Ezra,Ø¹Ø°Ø±Ø§,Ezra, ,bible,False
Nehemiah,Ù†Ø­Ù…ÛŒØ§Û,Nehemiah, ,bible,False
Esther,Ø§ÛŒØ³Ù¹Ø±,Esther, ,bible,False
Job,Ø¬Ø§Ø¨,Job, ,bible,False
moses3,Ù…ÙˆØ³ÛŒÙ°,Moses, ,bible,False
joshua2,Ø¬ÙˆØ´ÙˆØ§,Joshua, ,bible,False
caleb2,Ú©Ø§Ù„ÛŒØ¨,Caleb, ,bible,False
Augustus,Ø¢Ú¯Ø³Ù¹Ø³,Augustus, ,bible,False
Tiberius,Ù¹Ø§Ø¦Ø¨ÛŒØ±ÛŒØ¦Ø³,Tiberius, ,bible,False
Claudius,Ú©Ù„Ø§ÚˆÛŒÙˆØ³,Claudius, ,bible,False
persia2,ÙØ§Ø±Ø³,Persia, ,bible,False
jehoiada,ÛŒÛÙˆØ¦ÛŒØ¯Ø§,Jehoiada, ,bible,False
Haggai,ÛØ§Ú¯Ø¦ÛŒ,Haggai, ,bible,False
Zerubbabel,Ø²Ø±Ø¨Ø§Ø¨Ù„ (Ù„ÙˆÙ‚Ø§ 3:27),Zerubbabel (Luke 3:27), ,bible,False
Jacob2,Ø¬ÛŒÚ©Ø¨/,Jacob/,Jacob/Israel 1858-1711 â€“ 147 years,bible,False
Israel,Ø§Ø³Ø±Ø§ ÛŒÛŒÙ„,Israel, ,bible,False
Sarah,Ø³Ø§Ø±Û,Sarah,2008-1881 BCE â€“ 127 years,bible,False
Hagar,ÛØ§Ø¬Ø±Û,Hagar,Genesis 21:14,bible,False
Haran,Ø­Ø±Ø§Ù†,Haran,Genesis 11:26,bible,False
Reumah,Ø±ÛŒÙˆÙ…Û,Reumah,Concubine â€“ 4 sons,bible,False
Milcah,Ù…Ù„Ú©Û,Milcah,8 sons (Bethuel and 7 more),bible,False
Lot,Ù„Ø§Ù¹,Lot, ,bible,False
Ammon,Ø¨Ù† Ø§Ù…Ù‘ÛŒ (Ø§Ù…ÙˆÙ†),Ben-ammi (Ammon), ,bible,False
Bethuel,Ø¨ÛŒØªÙˆØ¦ÛŒÙ„,Bethuel, ,bible,False
Rebekah,Ø±ÛŒØ¨Ù‚Û,Rebekah, ,bible,False
Laban,Ù„Ø§Ø¨Ù†,Laban, ,bible,False
Leah,Ù„ÛŒÛ,Leah,Genesis 35:23,bible,False
Rachel,Ø±Ø§Ø­ÛŒÙ„,Rachel,Genesis 35:24,bible,False
Bilhah,Ø¨Ù„Ø­Û,Bilhah,Genesis 35:25,bible,False
Zilpah,Ø²Ù„ÙÛ,Zilpah,Genesis 35:26,bible,False
Reuben,Ø±ÙˆØ¨ÛŒÙ†,Reuben, ,bible,False
Simeon,Ø´Ù…Ø¹ÙˆÙ†,Simeon, ,bible,False
Levi,Ù„ÛŒÙˆÛŒ,Levi, ,bible,False
Judah,ÛŒÛÙˆØ¯Ø§Û,Judah, ,bible,False
Issachar,Ø§Ø³Ø§Ú†Ø§Ø±,Issachar, ,bible,False
Zebulun,Ø²Ø¨ÙˆÙ„ÙˆÙ†,Zebulun, ,bible,False
Dinah,Ø¯ÛŒÙ†Û,Dinah,Genesis 34,bible,False
Esau,Ø¹ÛŒØ³Ùˆ/,Esau/, ,bible,False
Edom,Ø§Ø¯ÙˆÙ…,Edom,Genesis 36:1,bible,False
Ishmael,Ø§Ø³Ù…Ø§Ø¹ÛŒÙ„,Ishmael, ,bible,False
Manasseh2,(Ù…Ù†Ø³ÛŒ,(Manasseh, ,bible,False
Ephraim,Ø§ÙˆØ± Ø§ÙØ±Ø§Ø¦ÛŒÙ…),and Ephraim), ,bible,False
Benjamin,Ø¨Ù†ÛŒØ§Ù…ÛŒÙ†,Benjamin, ,bible,False
Dan,ÚˆÛŒÙ†,Dan, ,bible,False
Naphtali,Ù†ÙØªØ§Ù„ÛŒ,Naphtali, ,bible,False
Gad,Ú¯Ø§Úˆ,Gad, ,bible,False
Asher,Ø¹Ø§Ø´Ø±,Asher, ,bible,False
Milcah1,UzØŒ BuzØŒ KemuelØŒ,"Uz, Buz, Kemuel,",Genesis 22:21,bible,False
Milcah2,Ú†ÛŒØ³ÚˆØŒ ÛØ§Ø²ÙˆØŒ,"Chesed, Hazo,", ,bible,False
Milcah3,Ù¾Ù„Ø¯Ø§Ø´ØŒ Ø¬Ø¯Ù„Ø§Ù,"Pildash, Jidlaph", ,bible,False
Tebah,Ø·ÛŒØ¨Û,Tebah,Genesis 22:23,bible,False
Gaham,Ú¯ÛÙ…,Gaham, ,bible,False
Tahash,Ø·ÛØ§Ø´,Tahash, ,bible,False
Maacah,Ù…Ø§Ú©Û,Maacah, ,bible,False
Mahalath,Ù…ÛØ§Ù„ØªÚ¾/,Mahalath/,"Genesis 28:8, 9",bible,False
Basemath,Ø¨ÛŒØ³Ù…ØªÚ¾,Basemath,"Genesis36:3, 4",bible,False
Reuel,Ø±ÛŒÙˆØ¦Ù„,Reuel,"36:13, 17",bible,False
Nahath,Ù†ÛØ§Øª,Nahath, ,bible,False
Zerah,Ø²ÛŒØ±Û,Zerah, ,bible,False
Schammah,Ø´Ù…Ø§Ù…Û,Schammah, ,bible,False
Mizzah,Ù…Ø²Ø§Û,Mizzah, ,bible,False
Adah,Ø§Ø¯Ø§Û,Adah,"36:11, 12, 15, 16",bible,False
Eliphaz,Ø§Ù„ÛŒÙØ§Ø²,Eliphaz, ,bible,False
Teman,ØªÛŒÙ…Ø§Ù†,Teman, ,bible,False
Omar,Ø¹Ù…Ø±,Omar, ,bible,False
Zepho,Ø²ÛŒÙÙˆ,Zepho, ,bible,False
Kenaz,Ú©Ù†ÛŒØ²,Kenaz, ,bible,False
Korah,Ú©ÙˆØ±Û,Korah, ,bible,False
Korah_Gatam,Ú©ÙˆØ±Û ØŒ Ú¯Ø§ØªÙ…,"Korah, Gatam","Genesis 36:11, 16",bible,False
Amalek,Ø¹Ù…Ø§Ù„ÛŒÙ‚,Amalek, ,bible,False
Oholibamah,Ø§ÙˆÛÙˆÙ„ÛŒØ¨Ø§Ù…Û,Oholibamah,"36:14, 18",bible,False
Jeush,Ø¬ÛŒÙˆØ´,Jeush, ,bible,False
Jalam,Ø¬Ø§Ù„Ù…,Jalam, ,bible,False
Nebaioth,Ù†ÛŒØ¨ÙˆØªÚ¾,Nebaioth,Genesis 25:13,bible,False
Kedar,Ú©ÛŒØ¯Ø§Ø±,Kedar, ,bible,False
Mishma,Ù…Ø´Ù…Û,Mishma, ,bible,False
Adbeel_Mibsam,Ø§ÚˆØ¨Ù„ ØŒ Mibsam,"Adbeel, Mibsam",Genesis 25:13,bible,False
Dumah_Massa,Ø¯ÙˆÙ…Ø§Û ØŒ Ù…Ø§Ø³Ø§,"Dumah, Massa",Genesis 25:14,bible,False
Hadad,Ø­Ø¯Ø§Ø¯,Hadad, ,bible,False
Tema,ØªÛŒÙ…Ø§,Tema, ,bible,False
Jetur,Ø¬ÛŒÙ¹ÙˆØ±,Jetur, ,bible,False
Naphish,Ù†Ø§ÙØ´,Naphish, ,bible,False
Kedemah,Ú©ÛŒÚˆÛŒÙ…Û,Kedemah, ,bible,False
Keturah,Ú©ÛŒØªÙˆØ±Û,Keturah,Genesis 25:1,bible,False
Zimran,Ø²ÛŒÙ…Ø±Ø§Ù†,Zimran,Genesis 25:1,bible,False
Jokshan,Ø¬ÙˆÚ©Ø´Ù†,Jokshan,Genesis 25:1,bible,False
Medan,Ù…ÛŒÚˆØ§Ù†,Medan,Genesis 25:1,bible,False
Midian,Ù…ÚˆÛŒØ§Ù†,Midian,Genesis 25:1,bible,False
Ishbak,Ø§ÛŒØ´Ø¨Ú©,Ishbak,Genesis 25:1,bible,False
Shuah,Ø´ÙˆØ­,Shuah,Genesis 25:1,bible,False
Timna,Ù¹Ù…Ù†Ø§,Timna,"Genesis 36:12, 1 Chr 1:36",bible,False
life-expectancy2,(Ø²Ø¨ÙˆØ± 90:10),(Psalm 90:10),2024-11-29,bible,False
Ham,ÛØ§Ù…,Ham,Gen 10:1,bible,False
Canaan,Ú©Ù†Ø¹Ø§Ù†,Canaan,Gen 10:6,bible,False
Sidon,Ø³ÛŒÚˆÙ†,Sidon,Gen 10:15,bible,False
Heth,Heth,Heth,Gen 10:15,bible,False
Jebusite,Ø¬ÛŒØ¨Ø³Ø§Ø¦Ù¹,Jebusite,Gen 10:16,bible,False
Amorite,Ø§Ù…ÙˆØ±Ø§Ø¦Ù¹,Amorite,Gen 10:16,bible,False
Girgashite,Ú¯Ø±Ú¯Ø´Ø§Ø¦Ù¹,Girgashite,Gen 10:16,bible,False
Hivite,Hivite,Hivite,Gen 10:17,bible,False
Arkite,Ø¢Ø±Ú©Ø§Ø¦Ù¹,Arkite,Gen 10:17,bible,False
Sinite,Ø³ÛŒÙ†Ø§Ø¦Ù¹,Sinite,Gen 10:17,bible,False
Arvadite,Ø§Ø±ÙˆÚˆØ§Ø¦Ù¹,Arvadite,Gen 10:18,bible,False
Zemarite,Ø²ÛŒÙ…Ø±Ø§Ø¦Ù¹,Zemarite,Gen 10:18,bible,False
Hamathite,Ø­Ù…Ø§ØªÚ¾Ø§Ø¦Ù¹,Hamathite,Gen 10:18,bible,False
Cush,Ú©Ø´,Cush,Gen 10:6,bible,False
Nimrod,Ù†Ù…Ø±ÙˆÚˆ,Nimrod,Gen 10:8,bible,False
Mizraim,Ù…ÛŒØ²Ø±ÛŒÙ…,Mizraim,Gen 10:14,bible,False
Casluh,Ú©Ø§Ø³Ù„ÙˆÛ,Casluh,1 Chronicles 1:12 (Philistines),bible,False
Japheth,Ø¬ÛŒÙÛŒØªÚ¾,Japheth,Gen 10:1,bible,False
Asshur,Asshur,Asshur,Gen 10:22,bible,False
Lud,LUD,Lud,Gen 10:22,bible,False
Aram,Ø§Ø±Ù…,Aram,Gen 10:22,bible,False
Elam,Ø§ÛŒÙ„Ù…,Elam,Gen 10:22,bible,False
Joktan,Ø¬ÙˆÚ©Ù¹Ù†,Joktan,Gen 10:26,bible,False
Almodad,Ø§Ù„Ù…ÙˆØ¯Ø§Ø¯,Almodad,Gen 10:26,bible,False
Sheleph,Ø´ÛŒÙ„Ù,Sheleph,Gen 10:26,bible,False
Hazarmareth,ÛØ²Ø±Ù…Ø§Ø±ÛŒØªÚ¾,Hazarmareth,Gen 10:26,bible,False
Jerah,Ø¬ÛŒØ±Û,Jerah,Gen 10:26,bible,False
Hadoram,ÛÚˆÙˆØ±Ø§Ù…,Hadoram,Gen 10:27,bible,False
Uzal,Ø§Ø²Ø§Ù„,Uzal,Gen 10:27,bible,False
Diklah_Obal,ÚˆÛŒÚ©Ù„Û ØŒ Ø§ÙˆØ¨Ù„,"Diklah, Obal",Gen 10:27,bible,False
Abimael,Ø§Ø¨ÛŒÙ…ÛŒÙ„,Abimael,Gen 10:28,bible,False
Sheba_Ophir,Ø´ÛŒØ¨Û ØŒ Ø§ÙˆÙØ±,"Sheba, Ophir","Gen 10:28, 29",bible,False
Havilah,Ø­ÙˆÙ„Û,Havilah,Gen 10:29,bible,False
Jobab,Ø¬Ø§Ø¨Ø§Ø¨,Jobab,Gen 10:29,bible,False
Ham_fn,1) Ù…ØµØ±ÛŒ: Ø²Ø¨ÙˆØ± 105: 23,1) Egyptians: Psalms 105:23,2025-09-22,bible,False
Canaan_fn,2) Ú©Ù†Ø¹Ø§Ù†ÛŒÙˆÚº: Ø¬ÙˆØ´ÙˆØ§ 13: 3,2) Canaanites: Joshua 13:3,2025-09-22,bible,False
Aram_fn,3) Ø§Ø±Ù…ÛŒÙ†Ø²: ÛÙˆØ³ÛŒÛ 12:12,3) Arameans: Hosea 12:12,2025-09-22,bible,False
Elam_fn,4) Ø§ÛŒÙ„Ø§Ù…Ø§Ø¦Ù¹Ø³: Ø¹Ø°Ø±Ø§ 4: 9,4) Elamites: Ezra 4:9,2025-09-22,bible,False
Asshur_fn,5) Ø§Ø³ÙˆØ±ÛŒÙˆÚº: Ø­Ø²Ù‚ÛŒ Ø§ÛŒÙ„ 27:23,5) Assyrians: Ezekiel 27:23,2025-09-22,bible,False
Casluh_fn,6) ÙÙ„Ø³Ù¹Ø§Ø¦Ù†Ø²: 1 ØªØ§Ø±ÛŒØ® 1: 12,6) Philistines: 1 Chronicles 1:12,2025-09-22,bible,False
Cush_fn,7) Ø§ÛŒØªÚ¾ÙˆÙ¾ÛŒØ§ [Ú©Ø´Ø§Ø¦Ù¹]: 2 Ú©Ù†Ú¯Ø² 19: 9,7) Ethiopian [Cushite]: 2 Kings 19:9,2025-09-22,bible,False
Edom_fn,8) Ø§ÛŒÚˆÙˆÙ…Ø§Ø¦Ù¹Ø³: Ù†Ù…Ø¨Ø± 20: 14-17,8) Edomites: Numbers 20:14-17,2025-09-22,bible,False
Moab_fn,9) Ù…ÙˆØ¢Ø¨Ø§Ø¦Ù¹Ø³: Ø§Ø³ØªØ«Ù†Ø§ 23: 3 ØŒ 4,"9) Moabites: Deuteronomy 23:3, 4",2025-09-22,bible,False
Ammon_fn,10) Ø§Ù…ÙˆÙ†Ø§Ø¦Ù¹Ø³: Ø¬ÙˆØ´ÙˆØ§ 12: 2,10) Ammonites: Joshua 12:2,2025-09-22,bible,False
Midian_fn,11) Ù…ÚˆÛŒØ§Ù†ÛŒÙ¹Ø³: Ù†Ù…Ø¨Ø± 31: 2 ØŒ 3,"11) Midianites: Numbers 31:2, 3",2025-09-22,bible,False
Amalek_fn,12) Ø§Ù…Ø§Ù„Ø§Ø¦Ú©Ø§Ø¦Ù¹Ø³: 1 Ø³Ù…ÙˆØ¦ÛŒÙ„ 15: 2,12) Amalekites: 1 Samuel 15:2,2025-09-22,bible,False
Teman_fn,13) ØªÛŒÙ…Ø§Ù†ÛŒÙ¹Ø³: Ù†ÙˆÚ©Ø±ÛŒ 42: 7,13) Temanites: Job 42:7,2025-09-22,bible,False
Sidon_fn,14) Ø³ÚˆÙˆÙ†ÛŒÙˆÚº: Ø²Ú©Ø±ÛŒØ§ 9: 2,14) Sidonians: Zechariah 9:2,2025-09-22,bible,False
Heth_fn,15) ÛÛŒÙ¹Ø§Ø¦Ù¹Ø³: Ù¾ÛŒØ¯Ø§Ø¦Ø´ 15:20,15) Hittites: Genesis 15:20,2025-09-22,bible,False
Jebusite_fn,16) Ø¬ÛŒØ¨Ø³Ø§Ø¦Ù¹Ø³: Ø¬ÙˆØ´ÙˆØ§ 15:63,16) Jebusites: Joshua 15:63,2025-09-22,bible,False
Judith,Ø¬ÙˆÚˆØªÚ¾ØŸ,Judith?,"Genesis 26:34, 35",bible,False
Lud_fn,17) Ù„ÛŒÚˆÛŒÙ†Ø²: 1 ØªØ§Ø±ÛŒØ® 1:17,17) Lydians: 1 Chronicles 1:17,"Jewish Antiquities, I, 143, 144 [vi, 4]",bible,False
Ishmael_fn,18) Ø§Ø³Ù…Ø§Ø¹ÛŒÙ„Ø§Ø¦Ù¹Ø³: Ù¾ÛŒØ¯Ø§Ø¦Ø´ 37:27,18) Ishmaelites: Genesis 37:27,2025-09-22,bible,False
Amorite_fn,19) Ø§Ù…ÙˆØ±Ø§Ø¦Ù¹Ø³: Ø¬Ø¬Ø² 6: 10,19) Amorites: Judges 6:10,2025-09-22,bible,False
Hivite_fn,20) HIVITES [Gibeon]: Ø¬ÙˆØ´ÙˆØ§ 9: 3 ØŒ 7,"20) Hivites [Gibeon]: Joshua 9:3, 7",Gibeonites,bible,False
Cain,Ú©ÛŒÙ†,Cain,"Genesis 4:1, son Enoch same name as other",bible,False
Abel,ÛØ§Ø¨ÛŒÙ„,Abel,Genesis 4:2,bible,False
Irad,Ø¢Ø¦Ø±Úˆ,Irad,Genesis 4:18,bible,False
Mehujael,Ù…ÛŒÛÙˆØ¬ÛŒÙ„,Mehujael,Genesis 4:18,bible,False
Methushael,Ù…ÛŒØªÚ¾ÙˆØ´ÛŒÙ„,Methushael,"Genesis 4:18, son Lamech same as other",bible,False
Jabal,Ø¬Ø¨Ù„,Jabal,"Genesis 4:20 living in tents, have livestock",bible,False
Jubal,Ø¬ÙˆØ¨Ù„,Jubal,Genesis 4:21 play harp and pipe,bible,False
Zillah,Ø²Ù„Ù„Û,Zillah,"Genesis 4:19, Adah is also a wife of Esau",bible,False
Tubal-cain,Ù¹ÛŒÙˆØ¨Ù„ Ú©ÛŒÙ†,Tubal-cain,Genesis 4:22 tool of copper and iron,bible,False
Naamah,Ù†Ø§Ù…Û,Naamah,Genesis 4:22 his sister,bible,False
Rehoboam,Ø±Ø­Ø¨Ø¹Ø§Ù…,Rehoboam,erster KÃ¶nig des sÃ¼dlichen ZweistÃ¤mmereiches,A6-A,False
Abijah,Ø§Ø¨ÛŒÛÛ (Ø§Ø¨ÛŒØ¬Ø§Ù…),Abijah (Abijam),"3 years, also Abijam",A6-A,False
Asa,Ú©ÛŒ Ø·Ø±Ø­,Asa, ,A6-A,False
Jehoshaphat,ÛŒÛÙˆØ³ÙØ·,Jehoshaphat,bce_float = -y+1 - (12-m)/12 â€“ (31-d)/360,A6-A,False
Jehoram2,ÛŒÛÙˆØ±Ø§Ù…,Jehoram, ,A6-A,False
Ahaziah,Ø§Ø®Ø²ÛŒØ§Û,Ahaziah, ,A6-A,False
Athaliah,Ù…Ù„Ú©Û Ø§ØªÚ¾Ù„ÛŒØ§Û,Queen Athaliah,Queen Athaliah,A6-A,False
Jehoash,ÛŒÛÙˆØ§Ø´,Jehoash, ,A6-A,False
Amaziah,Ø§Ù…Ø§Ø²ÛŒÛ,Amaziah, ,A6-A,False
Uzziah,Ø¹Ø²ÛŒÛ (Ø¹Ø²ÛŒØ±ÛŒÛ),Uzziah (Azariah),also Azariah,A6-A,False
Jeroboam,ÛŒØ±ÙˆØ¨Ø¹Ø§Ù…,Jeroboam,first king of northern 10-tribe kingdom,A6-A,False
Nadab,Ù†Ø¯Ø§Ø¨,Nadab,less than 2,A6-A,False
Baasha,Ø¨Ø§Ø´Ø§,Baasha, ,A6-A,False
Elah,Ø§Ù„Ù°Û,Elah, ,A6-A,False
Zimri,Ø²Ù…Ø±ÛŒ,Zimri,Only 7 days in ca. 751 BCE,A6-A,False
OmriTibni,Ø¹Ù…Ø±ÛŒ Ø§ÙˆØ± ØªØ¨Ù†ÛŒ Ø§ÛŒÚ© Ø³Ø§ØªÚ¾,Omri and Tibni together,4 years Omri and Tibni,A6-A,False
Omri,Ø¹Ù…Ø±ÛŒ (ØªÙ†ÛØ§),Omri (alone),from 947 Omri alone,A6-A,False
Ahab,Ø§Ø­Ø§Ø¨,Ahab, ,A6-A,False
Jehoram,ÛŒÛÙˆØ±Ø§Ù…,Jehoram, ,A6-A,False
Jehu,ÛŒØ§ÛÙˆ,Jehu, ,A6-A,False
Jeoahaz,Ø¬ÛŒÙˆØ¢ÛØ§Ø²,Jeoahaz, ,A6-A,False
JeoahazJehoash,Ø¬ÛŒÙˆØ¢Ø­Ø² Ø§ÙˆØ± ÛŒÙˆØ¢Ø³,Jeoahaz and Jehoash,For 3 years Jeoahaz and Jeoash reigned together,A6-A,False
Jehoash2,ÛŒÛÙˆØ§Ø´ (ØªÙ†ÛØ§),Jehoash (alone),Jehoash (alone),A6-A,False
Jeroboam2,ÛŒØ±ÙˆØ¨Ø¹Ø§Ù… II,Jeroboam II, ,A6-A,False
Elijah,Ø§ÛŒÙ„ÛŒØ§Û,Elijah, ,A6-A,False
Elisha,Ø§Ù„ÛŒØ´Ø§,Elisha, ,A6-A,False
Jonah,ÛŒÙˆÙ†Ø³,Jonah, ,A6-A,False
Amos,Ø¢Ù…ÙˆØ³,Amos, ,A6-A,False
Joel,Ø¬ÙˆØ¦Ù„,Joel, ,A6-A,False
Jotham,Ø¬ÙˆØªÚ¾Ù…,Jotham, ,A6-B,False
Ahaz,Ø¢ÛØ²,Ahaz, ,A6-B,False
Hezekiah,Ø­Ø²Ù‚ÛŒØ§Û,Hezekiah, ,A6-B,False
Manasseh,Ù…Ù†Ø´ÛŒ,Manasseh, ,A6-B,False
Amon,Ø§Ù…ÙˆÙ†,Amon, ,A6-B,False
Josiah,ÛŒÙˆØ³ÛŒØ§Û,Josiah, ,A6-B,False
Jehoahaz,ÛŒÛÙˆÛØ§Ø²,Jehoahaz,Only 3 months,A6-B,False
Jehoiakim,ÛŒÛÙˆÛŒØ§Ú©ÛŒÙ…,Jehoiakim, ,A6-B,False
Jehoiachin,ÛŒÛÙˆÛŒØ§Ú†ÛŒÙ†,Jehoiachin,Only 3 months 10 days,A6-B,False
Zedekiah,ØµØ¯Ù‚ÛŒÛ,Zedekiah,Zedekiah,A6-B,False
Zechariah,Ø²Ú©Ø±ÛŒØ§,Zechariah,"reign only recorded 6 months, probably only established 792 BCE",A6-B,False
Schallum,Ø´Ø§Ù„Ù…,Schallum,only one month,A6-B,False
Menahem,Ù…ÛŒÙ†ÛÛŒÙ…,Menahem, ,A6-B,False
Pekahiah,Ù¾ÛŒÚ©Ø§ÛÛŒØ§,Pekahiah, ,A6-B,False
Pekah,Ù¾ÛŒÚ©Ø§Û,Pekah, ,A6-B,False
Hoshea,ÛÙˆØ´ÛŒØ§Û”,Hoshea,9 years from c. 748,A6-B,False
Hosea,ÛÙˆØ³ÛŒØ§Û”,Hosea, ,A6-B,False
Isaiah,ÛŒØ³Ø¹ÛŒØ§Û,Isaiah, ,A6-B,False
Micah,Ù…ÛŒÚ©Ø§Û,Micah,prophet,A6-B,False
Zephaniah,ØµÙÙ†ÛŒØ§Û,Zephaniah, ,A6-B,False
Nahum,Ù†ÛÙ…,Nahum, ,A6-B,False
Jeremiah,ÛŒØ±Ù…ÛŒØ§Û,Jeremiah, ,A6-B,False
Habakuk,Ø­Ø¨Ù‚ÙˆÚ©,Habakuk, ,A6-B,False
Daniel,Ø¯Ø§Ù†ÛŒØ§Ù„,Daniel, ,A6-B,False
Ezekiel,Ø­Ø²Ù‚ÛŒÙ„,Ezekiel, ,A6-B,False
Obadiah,Ø¹Ø¨Ø§Ø¯ÛŒÛ,Obadiah, ,A6-B,False
Babylon,Ø¯Ø§Ù†ÛŒ Ø§ÛŒÙ„ 2:32ØŒ 36-38Ø› 7:4,"Daniel 2:32, 36-38; 7:4", ,B9,False
Medopersia,Ø¯Ø§Ù†ÛŒ Ø§ÛŒÙ„ 2:32ØŒ 39Ø› 7:5,"Daniel 2:32, 39; 7:5", ,B9,False
Greece,Ø¯Ø§Ù†ÛŒ Ø§ÛŒÙ„ 2:32ØŒ 39Ø› 7:6,"Daniel 2:32, 39; 7:6", ,B9,False
Rome,Ø¯Ø§Ù†ÛŒ Ø§ÛŒÙ„ 2:33ØŒ 40Ø› 7:7,"Daniel 2:33, 40; 7:7", ,B9,False
Angloamerica,Ø¯Ø§Ù†ÛŒ Ø§ÛŒÙ„ 2:33ØŒ 41-43,"Daniel 2:33, 41-43", ,B9,False
Babylon_c,Ø¨Ø§Ø¨Ù„,Babylon, ,B9,False
Medopersia_c,Ù…ÛŒÚˆÙˆ ÙØ§Ø±Ø³,Medo-Persia, ,B9,False
Greece_c,ÛŒÙˆÙ†Ø§Ù†,Greece, ,B9,False
Rome_c,Ø±ÙˆÙ…,Rome, ,B9,False
Angloamerica_c,Ø§ÛŒÙ†Ú¯Ù„Ùˆ Ø§Ù…Ø±ÛŒÚ©Û,Anglo-America, ,B9,False
daniel2_1,Ø¨Ø§Ø¯Ø´Ø§Û Ù†Ø¨ÙˆÚ©Ø¯Ù†Ø¶Ø±,King Nebuchadnezzar,607 BCE,B9,False
daniel2_2,ÛŒØ±ÙˆØ´Ù„Ù… Ú©Ùˆ ØªØ¨Ø§Û Ú©Ø±ØªØ§ ÛÛ’Û”,destroys Jerusalem, ,B9,False
daniel2_3,Ø¨Ø§Ø¨Ù„ Ú©Ùˆ ÙØªØ­ Ú©Ø±ØªØ§ ÛÛ’Û”,Conquers Babylon,539 BCE,B9,False
daniel2_4,Ø³Ø§Ø¦Ø±Ø³ Ú©Û’ ÙØ±Ù…Ø§Ù† ÙˆØ§Ù¾Ø³ Ø¢ØªÛ’ ÛÛŒÚºÛ”,Cyrus decrees return,537 BCE,B9,False
daniel2_5,ÛŒØ±ÙˆØ´Ù„Ù… Ù…ÛŒÚº ÛŒÛÙˆØ¯ÛŒÙˆÚº Ú©Ø§,of Jews to Jerusalem, ,B9,False
daniel2_6,Ø³Ú©Ù†Ø¯Ø± Ø§Ø¹Ø¸Ù…,Alexander the Great,331 BCE,B9,False
daniel2_7,ÙØ§Ø±Ø³ Ú©Ùˆ ÙØªØ­ Ú©Ø±ØªØ§ ÛÛ’Û”,conquers Persia, ,B9,False
daniel2_8,Ø§Ø³Ø±Ø§Ø¦ÛŒÙ„ Ù¾Ø± Ø­Ú©Ù…Ø±Ø§Ù†ÛŒ,Rules over Israel,63 BCE,B9,False
daniel2_9,ÛŒØ±ÙˆØ´Ù„Ù… Ú©Ùˆ ØªØ¨Ø§Û Ú©Ø±ØªØ§ ÛÛ’Û”,Destroys Jerusalem,70 CE,B9,False
daniel2_10,Ù¾ÛÙ„ÛŒ Ø¬Ù†Ú¯ Ø¹Ø¸ÛŒÙ… Ú©Û’ Ø¯ÙˆØ±Ø§Ù†ØŒ,"During World War I,",1914-1918 CE,B9,False
daniel2_11,Ø§ÛŒÙ†Ú¯Ù„Ùˆ Ø§Ù…Ø±ÛŒÚ©Ù† ÙˆØ±Ù„Úˆ Ù¾Ø§ÙˆØ±,Anglo-American World Power, ,B9,False
daniel2_12,ÙˆØ¬ÙˆØ¯ Ù…ÛŒÚº Ø¢ØªØ§ ÛÛ’,comes into being,End 4.2,B9,False
607BCE,607 Ù‚Ø¨Ù„ Ù…Ø³ÛŒØ­,607 B.C.E.,accommodate for language,B9,False
539BCE,539 Ù‚Ø¨Ù„ Ù…Ø³ÛŒØ­,539 B.C.E.,systems in style:,B9,False
537BCE,537 Ù‚Ø¨Ù„ Ù…Ø³ÛŒØ­,537 B.C.E.,>>year 537 before time<<,B9,False
331BCE,331 Ù‚Ø¨Ù„ Ù…Ø³ÛŒØ­,331 B.C.E.,so they need a word,B9,False
63BCE,63 Ù‚Ø¨Ù„ Ù…Ø³ÛŒØ­,63 B.C.E.,prior to the year,B9,False
70CE,70 Ø¹ÛŒØ³ÙˆÛŒ,70 C.E.,and something,B9,False
1914CE,1914-1918 Ø¹ÛŒØ³ÙˆÛŒ,1914-1918 C.E.,after the year,B9,False
daniel2_shift,0,4,Start 4.2,float,False
7times,Ù…Ú©Ø§Ø´ÙÛ 12:9,Revelation 12:9, ,scripture,False
infliction2,Ø§Ø¹Ù…Ø§Ù„ 7:6,Acts 7:6, ,scripture,False
eastern-zhou,770-256 Ù‚Ø¨Ù„ Ù…Ø³ÛŒØ­,770-256 BC, ,span_bc,False
430years,1943 - 1513 B.C.E.,1943 â€“ 1513 B.C.E., ,span_bce,False
eastern-han,25-220 Ø¹ÛŒØ³ÙˆÛŒ,25-220 CE, ,span_ce,False
northern-dynasties,368-581 Ø¹ÛŒØ³ÙˆÛŒ,368-581 CE, ,span_ce,False
southern-dynasties,420-589 Ø¹ÛŒØ³ÙˆÛŒ,420-589 CE, ,span_ce,False
khmer_empire,804 â€“ 1431,804 â€“ 1431, ,timespan,True
byzantine_empire,330 â€“ 1453,330 â€“ 1453, ,timespan,True
ottoman_empire,1299 â€“ 1922,1299 â€“ 1922, ,timespan,True
holy_roman_empire,800 â€“ 924,800 â€“ 924, ,timespan,True
holy_roman_empire2,962 â€“ 1806,962 â€“ 1806, ,timespan,True
inca_empire,1438 â€“ 1533,1438 â€“ 1533, ,timespan,True
gupta_empire,319 â€“ 550,319 â€“ 550, ,timespan,True
Umayyad,661 â€“ 750,661 â€“ 750, ,timespan,True
Abbasid,750 â€“ 1258,750 â€“ 1258, ,timespan,True
Mamluk,1250 â€“ 1517,1250 â€“ 1517, ,timespan,True
seljuk_empire,1037 â€“ 1194,1037 â€“ 1194,"Seljuk Empire 1037-1194, part of Seljuk dynasty 1037-1308",timespan,True
lombard,568 â€“ 774,568 â€“ 774,Kingdom of the Lombards 568-774,timespan,True
qing-dynasty,1636-1912,1636-1912, ,timespan,True
ming-dynasty,1368-1644,1368-1644, ,timespan,True
yuan-dynasty,1271-1368,1271-1368, ,timespan,True
southern-song,1127-1279,1127-1279, ,timespan,True
northern-song,960-1127,960-1127, ,timespan,True
western-xia,1038-1227,1038-1227, ,timespan,True
maya_classic,250â€“950,250â€“950, ,timespan,True
maya_postclassic,950-1539,950-1539, ,timespan,True
tran_dynasty,1225â€“1400,1225â€“1400, ,timespan,True
le_dynasty,1428â€“1527,1428â€“1527,triá»u LÃª sÆ¡ or Vietnamese: nhÃ  LÃª sÆ¡,timespan,True
revival_le_dynasty,1533-1789,1533-1789, ,timespan,True
nguyen_dynasty,1802 â€“ 1883,1802 â€“ 1883, ,timespan,True
edo,1603 â€“ 1868,1603 â€“ 1868, ,timespan,True
meiji,1868 â€“ 1912,1868 â€“ 1912, ,timespan,True
Julius,Ø¬ÙˆÙ„ÛŒØ³,Julius, ,wiki,False
Caligula,Ú©ÛŒÙ„ÛŒÚ¯ÙˆÙ„Ø§,Caligula, ,wiki,False
Nero,Ù†ÛŒØ±Ùˆ,Nero, ,wiki,False
Galba-Otho-Vitellius,Ú¯Ø§Ù„Ø¨Ø§ØŒ Ø§ÙˆØªÚ¾Ùˆ Ø§ÙˆØ± ÙˆÙ¹ÛŒÙ„ÛŒØ¦Ø³ (Ú†Ø§Ø± Ø´ÛÙ†Ø´Ø§ÛÙˆÚº Ú©Ø§ Ø³Ø§Ù„),"Galba, Otho and Vitellius (Year of the Four Emperors)", ,wiki,False
Vespasian,ÙˆÛŒØ³Ù¾Ø§Ø³ÛŒÙ†,Vespasian, ,wiki,False
covid19,Ú©ÙˆÙˆÚˆ-19,Covid-19, ,wiki,False
nicaea1,Ù†ÛŒÚ©ÛŒÛ Ú©ÛŒ Ù¾ÛÙ„ÛŒ Ú©ÙˆÙ†Ø³Ù„,First Council of Nicaea, ,wiki,False
oxyrhynchus,Oxyrhynchus Papyri,Oxyrhynchus Papyri, ,wiki,False
p52,Ù¾ÛŒÙ¾Ø§Ø¦Ø±Ø³ Ù¾ÛŒ 52,Papyrus P52, ,wiki,False
qing-dynasty_c,Ù‚Ù†Ú¯ Ø®Ø§Ù†Ø¯Ø§Ù†,Qing dynasty,1636-1912,wiki,False
ming-dynasty_c,Ø´Ø§ÛÛŒ Ú†ÛŒÙ† Ù…ÛŒÚº Ù…Ù†Ú¯ Ø®Ø§Ù†Ø¯Ø§Ù†,Ming dynasty in imperial China,1368-1644,wiki,False
yuan-dynasty_c,ÛŒÙˆØ¢Ù†,Yuan,1271-1368,wiki,False
southern-song_c,Ø¬Ù†ÙˆØ¨ÛŒ Ú¯Ø§Ù†Ø§,Southern Song,1127-1279,wiki,False
northern-song_c,Ø´Ù…Ø§Ù„ÛŒ Ú¯Ø§Ù†Ø§,Northern Song,960-1127,wiki,False
western-xia_c,Ù…ØºØ±Ø¨ÛŒ Ø²ÛŒØ§,Western Xia,1038-1227,wiki,False
Copernicus,Ù†Ú©ÙˆÙ„Ø³ Ú©ÙˆÙ¾Ø±Ù†ÛŒÚ©Ø³,Nicolaus Copernicus, ,wiki,False
Galileo,Ú¯ÛŒÙ„ÛŒÙ„ÛŒÙˆ Ú¯ÛŒÙ„ÛŒÙ„ÛŒ,Galileo Galilei,Galileo di Vincenzo Bonaiuti de' Galilei,wiki,False
Newton,Ø¢Ø¦Ø²Ú© Ù†ÛŒÙˆÙ¹Ù†,Isaac Newton, ,wiki,False
shang-dynasty_c,Ø´Ø§Ù†Ú¯ Ø®Ø§Ù†Ø¯Ø§Ù†,Shang dynasty,c. 1600-1046 BC,wiki,False
western-zhou_c,Ù…ØºØ±Ø¨ÛŒ Ú†Ø§Ø¤,Western Zhou,c. 1046-771 BC,wiki,False
eastern-zhou_c,Ù…Ø´Ø±Ù‚ÛŒ Ú†Ø§Ø¤,Eastern Zhou,770-256 BC,wiki,False
western-han_c,Ù…ØºØ±Ø¨ÛŒ ÛØ§Ù†,Western Han,207 BC â€“ 9 CE,wiki,False
eastern-han_c,Ù…Ø´Ø±Ù‚ÛŒ ÛØ§Ù†,Eastern Han,25-220 CE,wiki,False
three-kingdoms_c,Ú†ÛŒÙ†,China,Three kingdoms 220-280 CE,wiki,False
sixteen-kingdoms_c,Ú†ÛŒÙ†,China,Sixteen kingdoms 304-439 CE,wiki,False
northern-dynasties_c,Ø´Ù…Ø§Ù„ÛŒ Ø®Ø§Ù†Ø¯Ø§Ù†,Northern dynasties,368-581 CE,wiki,False
southern-dynasties_c,Ø¬Ù†ÙˆØ¨ÛŒ Ø®Ø§Ù†Ø¯Ø§Ù†,Southern dynasties,420-589 CE,wiki,False
tang-dynasty2_c,ØªØ§Ù†Ú¯ Ø®Ø§Ù†Ø¯Ø§Ù†,Tang dynasty,"618-690, 705-907",wiki,False
byzantine_empire_c,Ø¨Ø§Ø²Ù†Ø·ÛŒÙ†ÛŒ Ø³Ù„Ø·Ù†Øª,Byzantine Empire, ,wiki,False
ottoman_empire_c,Ø³Ù„Ø·Ù†Øª Ø¹Ø«Ù…Ø§Ù†ÛŒÛ,Ottoman Empire, ,wiki,False
Genghis,Ú†Ù†Ú¯ÛŒØ² Ø®Ø§Ù†,Genghis Khan, ,wiki,False
inca_empire_c,Ø§Ù†Ú©Ø§ Ø³Ù„Ø·Ù†Øª,Inca empire, ,wiki,False
gupta_empire_c,Ú¯Ù¾ØªØ§ Ø³Ù„Ø·Ù†Øª,Gupta Empire, ,wiki,False
Teotihuacan_c,Teotihuacan,Teotihuacan, ,wiki,False
Abbasid_c,Ø¹Ø¨Ø§Ø³ÛŒ Ø®Ù„Ø§ÙØª,Abbasid Caliphate, ,wiki,False
Mamluk_c,Ù…Ù…Ù„ÙˆÚ© Ø³Ù„Ø·Ù†Øª,Mamluk Sultanate, ,wiki,False
Al-Ghazali,Ø§Ù„ØºØ²Ø§Ù„ÛŒ,Al-Ghazali, ,wiki,False
wulfila,ÙˆÙ„ÙÙ„Ø§ Ø¨Ø§Ø¦Ø¨Ù„,Wulfila Bible,2025-09-20,wiki,False
tran_dynasty_c,Ù¹Ø±Ù† Ø®Ø§Ù†Ø¯Ø§Ù†,Tráº§n dynasty, ,wiki,False
le_dynasty_c,LÃª Ø®Ø§Ù†Ø¯Ø§Ù†,LÃª dynasty, ,wiki,False
revival_le_dynasty_c,trá»‹nh Ù„Ø§Ø±ÚˆØ² Ø§ÙˆØ± nguyá»…n Ù„Ø§Ø±ÚˆØ²,Trá»‹nh lords and Nguyá»…n lords,"NhÃ  LÃª trung hÆ°ng, Revival LÃª dynasty",wiki,False
seljuk_empire_c,Ø³Ù„Ø¬ÙˆÚ© Ø³Ù„Ø·Ù†Øª,Seljuk empire, ,wiki,False
vandals_c,ÙˆØ§Ù†ÚˆÙ„Ø²,Vandals, ,wiki,False
lombard_c,Ù„ÙˆÙ…Ø¨Ø§Ø±Úˆ Ú©Ù†Ú¯ÚˆÙ…,Lombard Kingdom,2025-10-13,wiki,False
people,Ù„ÙˆÚ¯,people,"people, persons",deprecated,False
judges,Ø¬Ø¬Ø²,judges, ,deprecated,False
prophets,Ø§Ù†Ø¨ÛŒØ§Ø¡,prophets, ,deprecated,False
kings,Ø¨Ø§Ø¯Ø´Ø§Û,kings, ,deprecated,False
periods,Ø§Ø¯ÙˆØ§Ø±,periods, ,deprecated,False
events,ØªÙ‚Ø±ÛŒØ¨Ø§Øª,events, ,deprecated,False
objects,Ø§Ø´ÛŒØ§Ø¡ ÛŒØ§ Ø§Ø´ÛŒØ§Ø¡,objects or items,things or items,deprecated,False
event_destruction_samaria2,740 Ù‚Ø¨Ù„ Ù…Ø³ÛŒØ­ Ø§Ø³ÙˆØ±ÛŒ Ú©ÛŒ Ø·Ø±Ù Ø³Û’,740 B.C.E. by Assyria,was shortened here for 2 lines,deprecated,False
photodrama,ÙÙˆÙ¹Ùˆ ÚˆØ±Ø§Ù…Û Ø¢Ù Ú©Ø±ÛŒØ´Ù† Ù¾ÛÙ„ÛŒ Ø¨Ø§Ø± Ù†ÛŒÙˆÛŒØ§Ø±Ú© Ù…ÛŒÚº 11 Ø¬Ù†ÙˆØ±ÛŒ 1914 Ú©Ùˆ Ø¯Ú©Ú¾Ø§ÛŒØ§ Ú¯ÛŒØ§ ØªÚ¾Ø§Û”,"The â€œPhoto-Drama of Creationâ€ is first shown in New York on January 11, 1914", ,deprecated,False
truth_book,"Ú©ØªØ§Ø¨ ""Ø³Ú†Ø§Ø¦ÛŒ Ø¬Ùˆ Ø§Ø¨Ø¯ÛŒ Ø²Ù†Ø¯Ú¯ÛŒ Ú©ÛŒ Ø·Ø±Ù Ù„Û’ Ø¬Ø§ØªÛŒ ÛÛ’"" 1968 Ù…ÛŒÚº Ø´Ø§Ø¦Ø¹ ÛÙˆØ¦ÛŒÛ”",The book â€œThe Truth That Leads to Eternal Lifeâ€ is released 1968, ,deprecated,False
jw_broadcasting,Ø§Ú©ØªÙˆØ¨Ø± 2014 Ù…ÛŒÚº Ø¬Û’ ÚˆØ¨Ù„ÛŒÙˆ Ú©ÛŒ Ù†Ø´Ø±ÛŒØ§Øª Ú©Ø§ Ø¢ØºØ§Ø²,Start of JW BroadcastingÂ® in October 2014, ,deprecated,False
meeting_workbook,"Ø¬Ù†ÙˆØ±ÛŒ 2016 Ø³Û’ Ø´Ø±ÙˆØ¹ ÛÙˆÙ†Û’ ÙˆØ§Ù„ÛŒ ""Ù…ÛŒÙ¹Ù†Ú¯ ÙˆØ±Ú© Ø¨Ú©"" Ú©Û’ Ø³Ø§ØªÚ¾ Ù…Úˆ ÙˆÛŒÚ© Ù…ÛŒÙ¹Ù†Ú¯ Ú©Ø§ Ù†ÛŒØ§ ÙØ§Ø±Ù…ÛŒÙ¹",New format of midweek meeting with â€œMeeting Workbookâ€ starting January 2016, ,deprecated,False
terahfam,ØªÛŒØ±Ø§Û Ú©Û’ Ø®Ø§Ù†Ø¯Ø§Ù† Ú©Û’ Ø§ÙØ±Ø§Ø¯,Members of Terahâ€™s family, ,deprecated,False
metropolitan,2011 Ù…ÛŒÚº Ù…ÛŒÙ¹Ø±ÙˆÙ¾ÙˆÙ„ÛŒÙ¹Ù† Ú¯ÙˆØ§ÛÛŒ Ú©Ø§ Ø¢ØºØ§Ø²,Start of metropolitan witnessing in 2011, ,deprecated,False
jw_org,Ø¯Ø³Ù…Ø¨Ø± 2012 Ù…ÛŒÚº Ø¨Ø§Ø¯Ø´Ø§ÛÛŒ ÙˆØ²Ø§Ø±Øª Ù…ÛŒÚº ÛØ¯Ø§ÛŒØ§Øª Ú©Û’ Ø³Ø§ØªÚ¾ JW.ORG Ú©Ø§ Ø¢ØºØ§Ø²,Start of JW.ORG with instructions in Kingdom Ministry December 2012, ,deprecated,False
Babylon2, , ,no text left and right â€“ empty!,deprecated,False
Gatam,Ú¯Ø§ØªÙ…,Gatam, ,deprecated,False
Adbeel,Ø§Ø¯Ø¨ÛŒÙ„,Adbeel, ,deprecated,False
Mibsam,Ù…Ø¨Ø³Ù…,Mibsam, ,deprecated,False
Dumah,Ø¯Ù…Û,Dumah, ,deprecated,False
Massa,Ù…Ø³Ø§,Massa, ,deprecated,False
tang-dynasty1, , , ,deprecated,False
xia-dynasty,Ú†ÛŒÙ† Ù…ÛŒÚº Ø²ÛŒØ§ Ø®Ø§Ù†Ø¯Ø§Ù† c. 2070 - c. 1600 Ù‚Ø¨Ù„ Ù…Ø³ÛŒØ­,Xia dynasty in China c. 2070 â€“ c. 1600 BC, ,deprecated,False
Midianites,1) Ù…ÚˆÛŒØ§Ù†ÛŒÙ¹Ø³: Ù†Ù…Ø¨Ø± 31: 2 ØŒ 3,"1) Midianites: Numbers 31:2, 3", ,deprecated,False
Moabites,2) Ù…ÙˆØ¢Ø¨Ø§Ø¦Ù¹Ø³: Ø§Ø³ØªØ«Ù†Ø§ 23: 3 ØŒ 4,"2) Moabites: Deuteronomy 23:3, 4", ,deprecated,False
Ammonites,3) Ø§Ù…ÙˆÙ†Ø§Ø¦Ù¹Ø³: Ø¬ÙˆØ´ÙˆØ§ 12: 2,3) Ammonites: Joshua 12:2, ,deprecated,False
Edomites,4) Ø§ÛŒÚˆÙˆÙ…Ø§Ø¦Ù¹Ø³: Ù†Ù…Ø¨Ø± 20: 14-17,4) Edomites: Numbers 20:14-17, ,deprecated,False
Temanites,5) ØªÛŒÙ…Ø§Ù†ÛŒÙ¹Ø³: Ù†ÙˆÚ©Ø±ÛŒ 42: 7,5) Temanites: Job 42:7, ,deprecated,False
Amalekites,6) Ø§Ù…Ø§Ù„Ø§Ø¦Ú©Ø§Ø¦Ù¹Ø³: 1 Ø³Ù…ÙˆØ¦ÛŒÙ„ 15: 2,6) Amalekites: 1 Samuel 15:2,2024-09-29,deprecated,False
king_south_light, , ,2025-02-05,deprecated,False
king_north_light, , ,2025-02-05,deprecated,False
daniel2_iron, , ,2025-02-05,deprecated,False
